Source,Target,Count,Duration
1789,1821,1,20
1789,1783,13,300
1789,1778,23,740
1789,1722,1,20
1789,1902,1,20
1789,1892,1,20
1789,1775,13,320
1789,1774,5,100
1789,1711,8,260
1789,1770,1,20
1789,1772,7,260
1789,1732,1,20
1789,1779,1,20
1789,1613,3,60
1789,1500,1,20
1789,1759,8,160
1789,1757,32,1220
1789,1653,1,20
1789,1753,3,60
1789,1752,6,120
1789,1798,3,60
1789,1833,1,20
1789,1792,11,300
1789,1790,3,180
1789,1861,1,20
1789,1674,1,20
1789,1763,1,20
1789,1666,4,80
1789,1911,3,60
1789,1787,3,60
1789,1916,1,20
1789,1551,1,20
1789,1434,1,20
1789,1704,1,20
1789,1628,2,40
1789,1649,3,60
1789,1723,1,20
1789,1822,1,20
1789,1768,5,100
1789,1819,2,40
1789,1760,3,60
1789,1761,18,460
1789,1766,6,160
1789,1767,5,180
1789,1764,4,80
1780,1782,2,60
1780,1783,2,40
1780,1774,1,20
1780,1837,1,20
1780,1772,1,20
1780,1838,7,180
1780,1549,1,20
1780,1468,1,20
1780,1551,6,120
1780,1798,1,20
1780,1795,4,120
1780,1498,4,80
1780,1700,5,100
1780,1552,13,280
1780,1555,1,60
1780,1709,3,60
1780,1821,16,460
1780,1820,4,100
1780,1822,9,240
1780,1558,11,420
1780,1666,2,40
1780,1665,2,40
1780,1482,3,80
1780,1480,1,20
1780,1489,1,20
1780,1859,2,40
1780,1710,1,20
1780,1714,7,140
1780,1719,4,140
1780,1855,1,20
1780,1857,6,140
1780,1522,2,40
1780,1833,74,2860
1780,1437,6,120
1780,1431,1,20
1780,1843,10,220
1780,1835,12,900
1780,1722,6,120
1780,1723,1,20
1780,1720,5,100
1780,1439,1,20
1780,1533,3,60
1780,1532,1,60
1780,1539,1,20
1780,1909,20,460
1780,1630,1,20
1780,1738,40,1220
1780,1426,2,60
1780,1731,2,40
1780,1730,2,40
1780,1732,4,100
1780,1737,35,1020
1780,1585,2,100
1780,1503,2,40
1780,1500,1,20
1780,1477,1,20
1780,1866,2,40
1780,1911,1,20
1780,1912,1,20
1780,1917,1,20
1780,1457,1,20
1780,1748,3,60
1780,1452,2,40
1780,1453,1,20
1780,1746,6,140
1780,1516,1,20
1780,1458,2,40
1780,1741,7,260
1780,1847,1,20
1780,1895,5,100
1780,1890,1,20
1780,1815,2,40
1780,1697,1,20
1780,1471,1,20
1780,1443,1,40
1780,1560,2,40
1780,1563,1,20
1780,1752,1,40
1780,1698,1,40
1780,1567,10,340
1780,1763,3,60
1780,1885,3,60
1780,1802,1,20
1780,1801,18,520
1780,1800,2,60
1780,1604,1,20
1780,1809,1,20
1780,1579,4,120
1780,1578,2,40
1780,1684,1,20
1780,1572,2,60
1780,1570,1,20
1780,1767,2,60
1780,1765,1,20
1782,1783,1,20
1782,1720,1,20
1782,1908,1,20
1782,1909,2,40
1782,1907,2,40
1782,1712,1,20
1782,1714,4,80
1782,1731,1,20
1782,1719,19,600
1782,1819,1,20
1782,1737,2,40
1782,1833,6,140
1782,1567,3,100
1782,1741,3,60
1782,1738,2,40
1782,1772,1,20
1782,1795,2,60
1782,1594,4,180
1782,1866,1,20
1782,1911,1,20
1782,1859,46,1520
1782,1916,1,20
1782,1551,2,40
1782,1552,1,20
1782,1643,1,20
1782,1801,3,140
1782,1800,1,20
1782,1843,3,60
1782,1558,1,20
1782,1707,7,200
1782,1722,2,40
1782,1820,22,880
1782,1809,3,120
1782,1822,1,20
1782,1748,14,300
1782,1709,1,20
1782,1763,2,60
1782,1746,3,60
1782,1838,3,80
1782,1764,1,20
1782,1574,1,20
1783,1592,1,20
1783,1787,14,340
1783,1480,1,20
1783,1774,5,120
1783,1892,1,20
1783,1775,6,300
1783,1738,1,20
1783,1711,8,180
1783,1831,1,20
1783,1770,2,60
1783,1772,10,320
1783,1767,4,180
1783,1819,1,20
1783,1697,2,60
1783,1759,17,420
1783,1757,34,880
1783,1753,8,160
1783,1752,16,460
1783,1673,1,60
1783,1798,13,420
1783,1833,1,20
1783,1792,12,240
1783,1790,6,120
1783,1796,12,340
1783,1720,1,20
1783,1888,2,40
1783,1912,1,20
1783,1916,1,20
1783,1551,2,40
1783,1625,1,40
1783,1800,1,20
1783,1708,1,20
1783,1766,5,160
1783,1431,1,20
1783,1809,1,20
1783,1741,1,20
1783,1768,19,560
1783,1578,1,20
1783,1477,1,20
1783,1572,1,20
1783,1760,4,80
1783,1761,47,1500
1783,1458,2,40
1783,1778,2,40
1783,1764,8,160
1783,1574,1,20
1787,1613,3,60
1787,1922,1,20
1787,1560,1,20
1787,1774,8,180
1787,1895,1,20
1787,1775,31,900
1787,1712,1,20
1787,1632,1,20
1787,1836,1,20
1787,1770,3,60
1787,1772,16,920
1787,1731,1,20
1787,1617,1,20
1787,1732,10,280
1787,1778,5,120
1787,1696,1,20
1787,1697,27,840
1787,1500,1,20
1787,1695,1,20
1787,1759,44,1680
1787,1792,12,340
1787,1757,13,280
1787,1675,15,640
1787,1727,1,20
1787,1753,3,60
1787,1752,36,1220
1787,1698,7,140
1787,1673,2,40
1787,1567,1,20
1787,1609,1,20
1787,1798,3,60
1787,1833,1,20
1787,1851,1,20
1787,1790,6,120
1787,1711,47,1460
1787,1795,2,40
1787,1796,8,180
1787,1674,3,120
1787,1688,3,60
1787,1865,1,20
1787,1888,1,20
1787,1911,2,40
1787,1743,1,20
1787,1912,2,40
1787,1578,1,20
1787,1665,2,60
1787,1916,1,20
1787,1700,2,60
1787,1552,3,140
1787,1704,1,20
1787,1551,1,20
1787,1707,1,20
1787,1708,1,20
1787,1558,1,20
1787,1603,1,20
1787,1722,1,20
1787,1648,1,20
1787,1720,1,20
1787,1741,1,20
1787,1768,6,220
1787,1457,2,40
1787,1685,1,20
1787,1684,21,620
1787,1453,1,20
1787,1666,3,60
1787,1760,3,60
1787,1761,4,180
1787,1766,29,860
1787,1767,47,2300
1787,1764,21,420
1787,1765,1,20
1546,1519,9,300
1546,1480,1,20
1546,1486,1,20
1546,1897,1,40
1546,1890,2,40
1546,1815,25,540
1546,1545,4,160
1546,1837,3,60
1546,1618,3,100
1546,1525,10,260
1546,1730,14,340
1546,1718,1,20
1546,1548,28,1460
1546,1549,17,540
1546,1502,1,20
1546,1503,9,400
1546,1500,10,240
1546,1468,1,20
1546,1441,1,20
1546,1653,6,180
1546,1461,1,20
1546,1504,12,280
1546,1797,6,120
1546,1861,2,80
1546,1434,1,20
1546,1705,7,160
1546,1528,18,440
1546,1533,31,900
1546,1532,4,80
1546,1539,4,160
1546,1538,17,660
1774,1920,1,60
1774,1906,1,20
1774,1775,33,1700
1774,1632,2,60
1774,1770,11,300
1774,1772,31,700
1774,1731,1,20
1774,1778,9,180
1774,1549,1,20
1774,1443,2,80
1774,1522,1,20
1774,1757,7,440
1774,1753,4,120
1774,1752,2,40
1774,1798,3,60
1774,1759,11,300
1774,1768,3,60
1774,1792,3,60
1774,1790,1,20
1774,1711,23,660
1774,1796,4,80
1774,1594,1,20
1774,1911,1,40
1774,1885,1,20
1774,1609,1,20
1774,1434,2,40
1774,1802,1,20
1774,1801,1,20
1774,1766,10,220
1774,1722,2,40
1774,1579,1,20
1774,1688,1,40
1774,1760,5,160
1774,1761,6,120
1774,1702,1,40
1774,1767,10,260
1774,1764,26,840
1774,1574,1,20
1545,1519,2,40
1545,1815,9,180
1545,1837,50,2760
1545,1618,1,20
1545,1503,8,180
1545,1730,1,20
1545,1548,4,120
1545,1549,2,80
1545,1524,4,100
1545,1525,6,120
1545,1500,11,480
1545,1504,24,560
1545,1653,7,140
1545,1528,12,260
1545,1797,22,740
1545,1705,35,1260
1545,1457,1,20
1545,1533,8,220
1545,1532,3,80
1545,1851,2,60
1545,1539,12,1100
1545,1538,6,120
1836,1821,5,120
1836,1888,10,220
1836,1498,1,20
1836,1895,3,60
1836,1892,6,140
1836,1630,15,540
1836,1833,1,20
1836,1632,1,20
1836,1831,4,100
1836,1835,2,40
1836,1818,5,100
1836,1819,14,320
1836,1857,1,60
1836,1521,1,20
1836,1461,1,20
1836,1798,1,40
1836,1796,1,40
1836,1594,1,20
1836,1865,19,580
1836,1866,7,180
1836,1911,1,20
1836,1885,1,20
1836,1880,3,140
1836,1807,2,40
1836,1805,6,160
1836,1552,1,20
1836,1803,1,20
1836,1802,4,140
1836,1601,2,60
1836,1847,2,40
1836,1768,1,20
1836,1477,1,20
1836,1761,1,20
1836,1570,1,20
1770,1920,1,20
1770,1906,1,20
1770,1711,3,60
1770,1772,7,200
1770,1719,1,60
1770,1778,7,140
1770,1549,3,80
1770,1759,1,20
1770,1674,1,20
1770,1675,4,120
1770,1753,2,60
1770,1752,1,40
1770,1798,5,160
1770,1712,1,20
1770,1792,6,140
1770,1790,1,20
1770,1796,4,180
1770,1757,4,80
1770,1768,14,360
1770,1760,13,540
1770,1761,2,80
1770,1766,24,860
1770,1767,1,20
1770,1764,9,180
1772,1778,5,140
1772,1909,12,460
1772,1895,3,60
1772,1857,1,20
1772,1890,2,40
1772,1630,2,40
1772,1711,8,220
1772,1617,1,20
1772,1852,1,20
1772,1613,2,40
1772,1549,1,20
1772,1695,6,200
1772,1759,5,100
1772,1757,6,120
1772,1563,1,20
1772,1753,4,80
1772,1752,16,420
1772,1673,1,20
1772,1775,30,1300
1772,1798,17,840
1772,1792,10,240
1772,1790,4,80
1772,1795,9,500
1772,1919,1,20
1772,1574,1,20
1772,1688,1,20
1772,1902,15,440
1772,1866,1,20
1772,1704,1,40
1772,1912,1,20
1772,1665,2,80
1772,1917,1,20
1772,1641,1,20
1772,1625,2,40
1772,1601,1,20
1772,1628,13,680
1772,1722,5,120
1772,1723,1,20
1772,1809,2,40
1772,1822,1,20
1772,1768,2,60
1772,1533,1,20
1772,1684,5,120
1772,1730,1,20
1772,1666,8,220
1772,1760,4,80
1772,1761,5,100
1772,1766,55,1860
1772,1767,2,40
1772,1764,12,240
1772,1765,2,40
1838,1628,2,40
1838,1625,1,20
1838,1722,12,360
1838,1648,1,20
1838,1719,2,40
1838,1909,74,3460
1838,1890,1,20
1838,1630,1,40
1838,1738,1,20
1838,1714,6,140
1838,1730,2,40
1838,1580,1,20
1838,1613,21,480
1838,1737,3,80
1838,1820,20,600
1838,1775,1,20
1838,1697,3,60
1838,1695,2,40
1838,1468,1,20
1838,1759,1,20
1838,1757,1,20
1838,1675,1,20
1838,1685,1,20
1838,1698,15,740
1838,1673,1,20
1838,1551,2,40
1838,1798,1,20
1838,1741,5,120
1838,1833,8,200
1838,1790,1,20
1838,1795,19,440
1838,1594,1,20
1838,1902,3,60
1838,1763,9,240
1838,1859,4,120
1838,1501,1,20
1838,1665,1,20
1838,1916,23,940
1838,1700,1,20
1838,1434,1,20
1838,1552,3,60
1838,1555,3,60
1838,1802,1,20
1838,1801,6,160
1838,1800,18,660
1838,1843,2,60
1838,1766,1,20
1838,1855,13,420
1838,1707,2,80
1838,1821,1,40
1838,1723,5,120
1838,1720,19,560
1838,1822,7,180
1838,1601,1,20
1838,1579,1,20
1838,1682,1,20
1838,1748,5,100
1838,1851,2,40
1838,1708,2,40
1838,1746,10,300
1838,1604,2,40
1838,1458,1,20
1838,1767,20,660
1838,1852,2,120
1838,1574,4,80
1779,1920,44,1680
1779,1908,4,100
1779,1854,1,20
1779,1855,1,20
1779,1548,1,40
1779,1696,16,460
1779,1697,7,240
1779,1695,2,40
1779,1675,2,40
1779,1670,1,20
1779,1698,4,80
1779,1745,11,280
1779,1887,1,20
1779,1912,2,40
1779,1708,1,20
1779,1656,4,120
1779,1680,5,220
1779,1682,12,280
1779,1684,36,1160
1779,1687,18,480
1779,1666,5,100
1779,1665,23,800
1779,1664,15,580
1779,1663,40,1140
1779,1661,21,520
1779,1765,22,920
1778,1489,1,20
1778,1775,6,120
1778,1711,11,300
1778,1617,2,40
1778,1719,1,20
1778,1443,1,20
1778,1522,1,20
1778,1757,22,520
1778,1753,2,40
1778,1752,2,40
1778,1798,2,60
1778,1759,6,120
1778,1792,19,560
1778,1790,4,80
1778,1796,8,180
1778,1913,1,20
1778,1528,1,20
1778,1768,7,180
1778,1452,1,20
1778,1727,1,20
1778,1760,3,60
1778,1761,2,40
1778,1766,2,40
1778,1767,3,60
1778,1764,6,120
1548,1854,1,20
1548,1920,1,20
1548,1549,4,80
1548,1503,3,60
1548,1815,7,180
1548,1837,11,280
1548,1618,7,200
1548,1426,2,40
1548,1428,1,20
1548,1718,1,20
1548,1585,2,40
1548,1524,3,60
1548,1525,25,720
1548,1500,21,540
1548,1695,1,20
1548,1468,1,20
1548,1504,18,660
1548,1653,12,260
1548,1538,3,60
1548,1528,27,740
1548,1706,1,20
1548,1684,1,20
1548,1739,1,20
1548,1797,6,140
1548,1519,1,20
1548,1435,1,20
1548,1705,22,640
1548,1430,1,20
1548,1578,1,20
1548,1533,6,180
1548,1532,14,560
1548,1745,1,20
1548,1516,2,40
1548,1458,1,20
1548,1539,4,200
1548,1765,1,20
1549,1519,2,120
1549,1920,1,20
1549,1815,5,100
1549,1503,3,100
1549,1705,9,280
1549,1618,2,40
1549,1730,34,1480
1549,1613,1,20
1549,1696,2,40
1549,1525,7,140
1549,1500,11,260
1549,1504,8,180
1549,1757,2,60
1549,1675,4,180
1549,1528,3,60
1549,1698,2,40
1549,1567,4,80
1549,1551,10,600
1549,1833,1,20
1549,1797,4,200
1549,1653,11,300
1549,1498,1,20
1549,1684,1,20
1549,1524,3,60
1549,1837,6,180
1549,1700,11,360
1549,1437,1,20
1549,1552,8,160
1549,1802,2,40
1549,1708,2,40
1549,1558,10,300
1549,1847,2,40
1549,1439,3,120
1549,1579,6,120
1549,1578,1,20
1549,1533,24,820
1549,1532,18,420
1549,1851,1,20
1549,1763,1,20
1549,1766,1,20
1549,1539,4,120
1549,1538,2,40
1775,1475,1,20
1775,1722,2,40
1775,1890,3,60
1775,1911,1,20
1775,1909,3,60
1775,1895,3,80
1775,1902,1,20
1775,1711,7,140
1775,1831,1,20
1775,1837,2,40
1775,1429,1,20
1775,1851,2,40
1775,1857,4,100
1775,1696,1,20
1775,1503,1,20
1775,1500,2,60
1775,1695,1,20
1775,1520,1,40
1775,1759,18,720
1775,1757,3,100
1775,1675,3,80
1775,1752,4,100
1775,1698,14,480
1775,1673,4,80
1775,1805,1,20
1775,1798,2,40
1775,1833,1,20
1775,1792,10,220
1775,1790,16,560
1775,1796,3,80
1775,1697,2,40
1775,1688,19,1280
1775,1865,2,40
1775,1889,1,20
1775,1572,1,20
1775,1498,1,20
1775,1885,1,20
1775,1912,1,20
1775,1760,2,40
1775,1702,1,20
1775,1761,16,360
1775,1802,4,80
1775,1625,1,20
1775,1431,1,20
1775,1708,19,760
1775,1714,13,340
1775,1821,4,80
1775,1604,1,20
1775,1822,5,160
1775,1768,4,80
1775,1748,1,20
1775,1428,2,40
1775,1666,11,300
1775,1665,7,160
1775,1632,1,20
1775,1766,2,60
1775,1767,22,580
1775,1764,21,520
1775,1765,3,60
1695,1426,1,20
1695,1628,1,20
1695,1761,11,340
1695,1752,17,680
1695,1920,98,4860
1695,1908,5,120
1695,1909,4,80
1695,1895,1,20
1695,1489,1,20
1695,1902,1,20
1695,1743,3,60
1695,1696,9,200
1695,1711,1,40
1695,1688,29,620
1695,1429,1,40
1695,1890,21,1160
1695,1855,1,40
1695,1745,23,520
1695,1502,1,20
1695,1697,22,800
1695,1759,1,20
1695,1757,40,1440
1695,1675,10,280
1695,1650,1,20
1695,1670,2,60
1695,1766,9,380
1695,1698,2,40
1695,1673,55,1980
1695,1790,4,100
1695,1684,12,320
1695,1796,1,60
1695,1861,3,60
1695,1674,7,140
1695,1493,1,20
1695,1889,3,80
1695,1592,1,20
1695,1434,1,80
1695,1912,6,200
1695,1562,1,20
1695,1916,2,40
1695,1700,1,20
1695,1702,1,20
1695,1552,1,20
1695,1704,2,40
1695,1656,1,40
1695,1714,3,60
1695,1720,1,20
1695,1822,1,20
1695,1681,2,80
1695,1680,16,500
1695,1768,1,20
1695,1682,50,1460
1695,1685,2,80
1695,1749,1,20
1695,1687,16,400
1695,1666,91,4440
1695,1665,7,140
1695,1664,5,120
1695,1663,16,440
1695,1661,51,1460
1695,1765,26,700
1468,1483,1,20
1468,1833,1,20
1468,1837,2,40
1468,1637,5,100
1468,1428,3,80
1468,1585,2,40
1468,1502,10,240
1468,1525,4,80
1468,1500,3,60
1468,1457,8,180
1468,1520,15,400
1468,1522,15,380
1468,1560,1,20
1468,1748,1,20
1468,1563,1,20
1468,1461,3,100
1468,1451,8,280
1468,1751,4,140
1468,1477,26,720
1468,1630,1,20
1468,1668,4,80
1468,1594,2,40
1468,1493,1,20
1468,1495,11,260
1468,1498,8,220
1468,1880,1,20
1468,1700,1,20
1468,1516,20,1280
1468,1574,1,20
1468,1705,1,20
1468,1430,3,60
1468,1435,1,20
1468,1426,3,60
1468,1579,1,20
1468,1471,2,40
1468,1533,1,20
1468,1532,1,20
1468,1452,25,720
1468,1453,8,180
1468,1572,2,40
1468,1479,1,20
1468,1458,6,140
1468,1459,2,40
1468,1570,1,20
1674,1628,3,60
1674,1920,5,200
1674,1877,1,20
1674,1480,1,40
1674,1908,11,260
1674,1909,1,20
1674,1902,1,20
1674,1682,2,60
1674,1743,18,840
1674,1711,16,980
1674,1710,3,60
1674,1664,5,120
1674,1835,1,40
1674,1890,11,420
1674,1855,3,80
1674,1696,9,440
1674,1697,9,240
1674,1500,1,20
1674,1759,1,20
1674,1560,2,60
1674,1675,23,780
1674,1656,37,1060
1674,1698,8,260
1674,1673,37,1320
1674,1551,1,40
1674,1687,9,200
1674,1663,6,180
1674,1648,1,20
1674,1792,21,920
1674,1790,4,120
1674,1477,1,20
1674,1861,3,80
1674,1757,2,40
1674,1688,7,160
1674,1889,10,280
1674,1572,2,40
1674,1911,1,20
1674,1684,22,900
1674,1912,8,200
1674,1916,4,200
1674,1700,1,60
1674,1702,1,20
1674,1552,2,60
1674,1431,2,60
1674,1708,2,40
1674,1528,1,20
1674,1457,2,60
1674,1722,4,120
1674,1723,17,580
1674,1681,9,360
1674,1471,1,20
1674,1749,1,20
1674,1670,25,560
1674,1666,14,400
1674,1745,23,600
1674,1665,8,180
1674,1761,3,60
1674,1766,1,20
1674,1767,3,80
1674,1661,2,40
1674,1765,30,820
1675,1661,6,200
1675,1920,11,300
1675,1908,21,560
1675,1890,1,20
1675,1682,5,100
1675,1739,1,40
1675,1711,1,40
1675,1664,44,1280
1675,1714,2,40
1675,1730,1,20
1675,1613,1,20
1675,1696,23,580
1675,1697,15,420
1675,1851,2,40
1675,1562,1,20
1675,1563,1,20
1675,1670,22,580
1675,1752,2,60
1675,1698,20,480
1675,1673,12,400
1675,1528,1,20
1675,1663,9,200
1675,1648,1,20
1675,1792,3,60
1675,1790,5,160
1675,1837,2,40
1675,1757,5,100
1675,1743,1,20
1675,1902,3,60
1675,1688,32,1100
1675,1911,2,40
1675,1641,1,20
1675,1885,1,20
1675,1912,28,860
1675,1665,29,1160
1675,1916,1,20
1675,1552,1,20
1675,1704,19,600
1675,1705,1,20
1675,1708,2,40
1675,1656,74,3000
1675,1855,1,20
1675,1628,1,20
1675,1847,1,20
1675,1723,1,20
1675,1822,2,40
1675,1681,13,600
1675,1680,28,800
1675,1768,1,20
1675,1457,1,20
1675,1685,1,20
1675,1684,10,280
1675,1687,6,120
1675,1558,1,20
1675,1745,14,280
1675,1666,7,160
1675,1761,1,20
1675,1766,1,20
1675,1767,1,20
1675,1764,1,20
1675,1765,15,340
1670,1854,1,40
1670,1920,11,420
1670,1898,1,20
1670,1908,11,280
1670,1739,1,20
1670,1525,1,20
1670,1538,2,80
1670,1696,20,540
1670,1697,7,160
1670,1656,28,700
1670,1698,10,280
1670,1673,10,260
1670,1688,23,960
1670,1666,13,280
1670,1887,1,20
1670,1912,3,60
1670,1664,9,220
1670,1704,1,20
1670,1708,1,20
1670,1820,2,80
1670,1681,2,40
1670,1680,8,220
1670,1682,3,60
1670,1684,4,100
1670,1687,2,40
1670,1745,10,240
1670,1665,1,20
1670,1765,6,180
1670,1663,7,300
1670,1741,1,20
1670,1661,8,180
1670,1743,1,20
1673,1628,7,140
1673,1722,7,220
1673,1661,32,1260
1673,1920,3,60
1673,1898,1,20
1673,1720,1,20
1673,1908,18,540
1673,1909,1,20
1673,1428,1,20
1673,1489,1,20
1673,1822,8,200
1673,1890,5,100
1673,1696,3,60
1673,1711,2,40
1673,1710,3,60
1673,1837,2,60
1673,1664,3,60
1673,1731,1,20
1673,1902,2,40
1673,1732,1,20
1673,1854,1,20
1673,1613,15,300
1673,1502,1,20
1673,1697,6,180
1673,1500,2,40
1673,1560,1,20
1673,1752,2,40
1673,1698,16,740
1673,1567,1,20
1673,1855,1,20
1673,1431,1,20
1673,1663,8,160
1673,1648,1,20
1673,1792,11,340
1673,1790,1,20
1673,1797,1,20
1673,1796,1,20
1673,1795,1,20
1673,1861,3,60
1673,1743,7,200
1673,1889,3,60
1673,1688,13,500
1673,1911,3,60
1673,1885,2,40
1673,1912,9,280
1673,1665,8,180
1673,1916,15,400
1673,1551,1,20
1673,1919,1,20
1673,1434,1,20
1673,1552,1,40
1673,1555,1,20
1673,1802,2,60
1673,1625,1,20
1673,1594,1,20
1673,1708,11,280
1673,1656,20,500
1673,1714,6,120
1673,1847,2,40
1673,1723,6,120
1673,1592,1,20
1673,1439,2,40
1673,1681,5,160
1673,1680,4,80
1673,1682,41,1480
1673,1533,1,20
1673,1684,9,220
1673,1687,30,900
1673,1851,3,60
1673,1745,12,320
1673,1666,12,340
1673,1761,9,280
1673,1766,3,60
1673,1767,13,380
1673,1764,1,20
1673,1765,11,300
1551,1833,3,100
1551,1835,1,20
1551,1798,1,20
1551,1560,16,400
1551,1493,1,20
1551,1498,2,40
1551,1555,4,80
1551,1700,5,100
1551,1552,9,180
1551,1704,1,20
1551,1705,2,100
1551,1707,31,1100
1551,1558,12,420
1551,1820,2,140
1551,1822,4,200
1551,1698,1,20
1551,1709,3,100
1551,1666,1,20
1551,1482,1,20
1551,1480,1,20
1551,1486,1,20
1551,1489,10,320
1551,1712,15,320
1551,1714,1,20
1551,1855,1,20
1551,1857,2,40
1551,1520,2,40
1551,1522,1,20
1551,1430,1,20
1551,1431,1,20
1551,1843,2,80
1551,1727,3,80
1551,1847,1,20
1551,1723,1,20
1551,1439,1,20
1551,1731,21,620
1551,1730,3,60
1551,1539,1,20
1551,1908,1,20
1551,1909,2,60
1551,1906,1,20
1551,1630,1,20
1551,1738,1,20
1551,1426,2,40
1551,1429,10,300
1551,1428,1,20
1551,1580,5,100
1551,1585,2,40
1551,1502,1,20
1551,1503,1,20
1551,1500,1,20
1551,1501,1,20
1551,1919,1,20
1551,1594,26,1080
1551,1866,2,60
1551,1625,1,20
1551,1457,3,80
1551,1748,1,20
1551,1749,1,20
1551,1453,1,20
1551,1746,1,20
1551,1743,1,20
1551,1761,3,60
1551,1890,2,60
1551,1815,2,40
1551,1471,1,20
1551,1443,2,40
1551,1759,5,120
1551,1757,3,60
1551,1562,2,40
1551,1564,4,80
1551,1751,1,20
1551,1567,10,340
1551,1889,1,20
1551,1763,28,1100
1551,1885,1,20
1551,1807,1,40
1551,1479,1,20
1551,1802,1,20
1551,1801,3,60
1551,1809,3,60
1551,1579,60,2080
1551,1578,1,20
1551,1685,5,100
1551,1477,1,20
1551,1572,35,1020
1551,1570,12,300
1551,1766,1,20
1551,1574,1,20
1798,1735,1,20
1798,1482,1,20
1798,1426,1,20
1798,1895,1,20
1798,1585,1,20
1798,1892,1,20
1798,1630,2,40
1798,1711,2,40
1798,1831,2,40
1798,1427,1,20
1798,1730,2,60
1798,1818,1,40
1798,1857,1,20
1798,1759,6,240
1798,1560,1,20
1798,1727,2,40
1798,1753,1,20
1798,1752,5,120
1798,1567,1,20
1798,1807,1,20
1798,1833,1,40
1798,1792,7,220
1798,1790,1,20
1798,1796,26,940
1798,1757,3,60
1798,1885,1,20
1798,1707,1,20
1798,1880,2,40
1798,1437,1,20
1798,1552,1,20
1798,1802,1,20
1798,1594,1,20
1798,1843,1,60
1798,1558,1,20
1798,1855,1,20
1798,1637,2,40
1798,1847,1,20
1798,1714,1,20
1798,1809,1,20
1798,1741,1,20
1798,1768,30,860
1798,1578,1,20
1798,1477,1,20
1798,1835,1,20
1798,1666,1,20
1798,1760,13,380
1798,1761,1,40
1798,1766,10,380
1798,1767,4,80
1798,1764,8,160
1759,1475,1,20
1759,1722,1,20
1759,1895,1,20
1759,1585,1,20
1759,1630,3,60
1759,1711,80,3800
1759,1831,1,20
1759,1731,1,20
1759,1767,38,1180
1759,1818,1,20
1759,1857,2,40
1759,1847,2,40
1759,1465,1,20
1759,1757,8,200
1759,1753,2,40
1759,1752,9,240
1759,1567,1,20
1759,1700,2,40
1759,1792,7,160
1759,1790,6,140
1759,1796,7,160
1759,1866,1,20
1759,1911,1,40
1759,1885,1,20
1759,1917,1,20
1759,1802,1,20
1759,1801,2,40
1759,1707,1,20
1759,1558,1,20
1759,1855,1,20
1759,1821,1,20
1759,1720,1,20
1759,1439,1,20
1759,1579,1,20
1759,1768,3,100
1759,1457,1,20
1759,1727,1,20
1759,1760,8,240
1759,1761,12,360
1759,1766,12,300
1759,1741,1,20
1759,1764,12,280
1759,1574,1,20
1792,1911,1,20
1792,1480,1,20
1792,1486,1,20
1792,1909,1,20
1792,1489,1,20
1792,1890,2,40
1792,1711,4,120
1792,1710,14,680
1792,1731,1,20
1792,1730,1,20
1792,1697,8,180
1792,1443,1,20
1792,1757,19,880
1792,1563,1,20
1792,1753,1,20
1792,1752,8,180
1792,1698,23,640
1792,1702,4,100
1792,1833,1,20
1792,1790,2,40
1792,1796,4,80
1792,1889,1,20
1792,1666,4,80
1792,1498,1,20
1792,1912,4,100
1792,1665,13,280
1792,1434,1,20
1792,1743,24,1600
1792,1594,1,20
1792,1708,1,20
1792,1613,1,20
1792,1714,4,80
1792,1649,1,20
1792,1723,18,660
1792,1720,1,20
1792,1579,1,40
1792,1768,8,200
1792,1471,1,20
1792,1519,1,20
1792,1749,3,100
1792,1851,1,20
1792,1763,1,20
1792,1760,1,20
1792,1761,2,40
1792,1766,5,140
1792,1767,5,100
1792,1764,46,1660
1792,1765,2,40
1697,1735,1,20
1697,1761,12,320
1697,1752,38,1640
1697,1920,8,260
1697,1872,2,60
1697,1567,1,40
1697,1908,18,520
1697,1909,1,20
1697,1898,1,20
1697,1902,1,20
1697,1815,1,20
1697,1711,2,40
1697,1837,3,60
1697,1680,27,960
1697,1731,2,40
1697,1851,1,20
1697,1732,6,160
1697,1855,1,20
1697,1745,35,920
1697,1696,4,100
1697,1500,1,20
1697,1648,1,20
1697,1757,5,120
1697,1579,1,20
1697,1766,37,1520
1697,1698,32,900
1697,1572,1,20
1697,1613,2,40
1697,1859,1,20
1697,1790,1,40
1697,1684,29,800
1697,1764,5,160
1697,1688,39,1280
1697,1763,1,20
1697,1911,2,40
1697,1912,87,4220
1697,1700,1,20
1697,1437,1,20
1697,1702,2,40
1697,1743,3,80
1697,1704,2,60
1697,1802,2,40
1697,1625,1,20
1697,1708,2,40
1697,1656,12,340
1697,1866,1,20
1697,1628,1,20
1697,1722,1,20
1697,1723,1,20
1697,1822,1,20
1697,1681,19,460
1697,1843,2,80
1697,1768,1,20
1697,1682,9,200
1697,1533,2,40
1697,1749,2,40
1697,1687,1,20
1697,1666,14,340
1697,1665,17,620
1697,1664,13,460
1697,1663,12,240
1697,1767,1,20
1697,1661,11,300
1697,1765,31,900
1790,1920,4,160
1790,1909,2,40
1790,1711,7,320
1790,1730,1,20
1790,1732,1,40
1790,1696,3,180
1790,1443,1,20
1790,1752,3,60
1790,1855,3,100
1790,1795,1,40
1790,1861,1,20
1790,1757,3,60
1790,1911,3,60
1790,1912,2,40
1790,1916,1,20
1790,1743,1,120
1790,1704,1,20
1790,1625,1,20
1790,1708,2,40
1790,1628,1,40
1790,1722,1,20
1790,1767,5,340
1790,1768,4,80
1790,1851,10,280
1790,1666,1,20
1790,1760,5,120
1790,1761,3,60
1790,1766,8,200
1790,1719,1,40
1790,1764,1,20
1790,1765,1,20
1797,1519,2,40
1797,1482,1,20
1797,1480,18,1020
1797,1567,2,60
1797,1489,1,20
1797,1857,1,20
1797,1503,4,100
1797,1815,9,220
1797,1837,21,500
1797,1618,2,40
1797,1426,2,40
1797,1730,5,120
1797,1502,1,20
1797,1525,10,300
1797,1500,26,640
1797,1504,21,500
1797,1560,1,20
1797,1653,8,220
1797,1528,21,680
1797,1684,1,20
1797,1493,2,40
1797,1822,1,20
1797,1866,3,80
1797,1498,1,20
1797,1524,2,40
1797,1802,26,840
1797,1434,1,20
1797,1705,28,920
1797,1431,2,60
1797,1708,1,20
1797,1628,2,60
1797,1847,9,260
1797,1439,22,700
1797,1579,1,20
1797,1533,10,220
1797,1532,3,80
1797,1851,2,40
1797,1572,2,40
1797,1538,7,160
1797,1458,1,20
1797,1539,11,240
1797,1765,1,20
1796,1480,1,40
1796,1890,1,20
1796,1630,1,20
1796,1711,5,160
1796,1732,1,20
1796,1735,1,20
1796,1560,1,20
1796,1685,11,340
1796,1562,5,140
1796,1563,1,20
1796,1753,1,20
1796,1752,5,140
1796,1738,1,20
1796,1795,1,20
1796,1757,10,340
1796,1859,1,20
1796,1880,1,20
1796,1434,1,20
1796,1552,6,180
1796,1555,2,40
1796,1567,1,20
1796,1625,1,20
1796,1722,1,20
1796,1720,1,40
1796,1768,36,880
1796,1748,1,20
1796,1532,1,20
1796,1475,1,20
1796,1574,4,100
1796,1760,44,1440
1796,1761,3,80
1796,1766,8,180
1796,1767,2,40
1796,1764,6,180
1796,1570,1,20
1795,1628,5,140
1795,1625,3,80
1795,1722,65,2760
1795,1570,2,40
1795,1720,18,720
1795,1909,26,720
1795,1890,1,20
1795,1738,9,260
1795,1730,1,20
1795,1852,1,20
1795,1613,2,40
1795,1737,1,20
1795,1696,2,80
1795,1723,3,120
1795,1443,1,20
1795,1833,5,100
1795,1749,1,20
1795,1560,1,20
1795,1562,1,40
1795,1880,1,20
1795,1752,1,20
1795,1698,2,40
1795,1855,2,40
1795,1741,4,80
1795,1859,12,980
1795,1684,2,60
1795,1861,1,20
1795,1574,1,20
1795,1688,1,20
1795,1902,7,180
1795,1572,1,20
1795,1911,3,60
1795,1704,1,20
1795,1912,1,20
1795,1746,9,220
1795,1916,1,20
1795,1700,1,20
1795,1919,1,20
1795,1702,2,40
1795,1552,1,40
1795,1555,6,220
1795,1567,6,180
1795,1801,5,120
1795,1431,1,20
1795,1708,3,60
1795,1709,1,40
1795,1714,27,780
1795,1847,1,20
1795,1820,4,80
1795,1809,4,100
1795,1822,25,640
1795,1843,1,20
1795,1748,3,60
1795,1532,1,20
1795,1668,1,20
1795,1763,4,100
1795,1800,11,360
1795,1761,2,40
1795,1766,2,40
1795,1719,5,120
1795,1764,1,20
1795,1765,2,40
1560,1765,1,20
1560,1833,2,40
1560,1835,1,20
1560,1461,1,20
1560,1700,32,1500
1560,1552,6,160
1560,1555,6,200
1560,1705,4,80
1560,1707,4,100
1560,1708,1,40
1560,1528,2,40
1560,1821,2,40
1560,1822,3,60
1560,1709,4,100
1560,1666,1,20
1560,1665,1,20
1560,1558,16,560
1560,1920,1,20
1560,1489,2,40
1560,1712,7,160
1560,1711,1,20
1560,1851,2,40
1560,1719,1,20
1560,1857,1,20
1560,1520,1,20
1560,1522,3,60
1560,1748,1,20
1560,1656,1,20
1560,1437,1,20
1560,1434,17,500
1560,1727,16,420
1560,1722,2,40
1560,1720,1,20
1560,1439,2,40
1560,1731,34,1080
1560,1539,2,40
1560,1630,1,20
1560,1429,1,40
1560,1428,1,20
1560,1580,24,1020
1560,1735,3,60
1560,1502,1,20
1560,1503,1,20
1560,1861,1,20
1560,1594,38,980
1560,1866,3,80
1560,1911,2,40
1560,1912,2,40
1560,1916,1,20
1560,1625,1,20
1560,1613,1,20
1560,1519,6,160
1560,1452,1,20
1560,1746,4,120
1560,1743,1,20
1560,1847,2,40
1560,1815,1,40
1560,1818,1,20
1560,1819,1,20
1560,1696,1,40
1560,1562,1,20
1560,1563,3,60
1560,1567,9,260
1560,1889,2,40
1560,1763,1,20
1560,1885,12,620
1560,1761,1,20
1560,1802,2,40
1560,1601,1,20
1560,1579,4,100
1560,1578,1,20
1560,1685,9,260
1560,1684,1,20
1560,1572,85,5640
1560,1570,9,300
1560,1767,1,20
1560,1574,8,160
1493,1458,33,1220
1493,1722,1,20
1493,1471,1,20
1493,1483,3,60
1493,1482,4,120
1493,1480,6,200
1493,1895,1,20
1493,1489,2,60
1493,1585,1,20
1493,1743,1,20
1493,1833,1,20
1493,1837,1,20
1493,1426,3,60
1493,1730,2,40
1493,1857,1,20
1493,1502,49,2380
1493,1443,39,2240
1493,1522,7,180
1493,1465,1,20
1493,1520,6,220
1493,1563,2,60
1493,1461,6,120
1493,1451,11,320
1493,1477,7,160
1493,1668,5,120
1493,1495,3,60
1493,1592,1,20
1493,1498,4,80
1493,1501,16,700
1493,1885,2,40
1493,1578,2,40
1493,1802,3,60
1493,1437,6,120
1493,1434,2,40
1493,1552,1,20
1493,1704,1,20
1493,1705,1,20
1493,1431,4,100
1493,1835,1,20
1493,1637,4,100
1493,1847,1,20
1493,1439,7,160
1493,1579,1,20
1493,1457,9,260
1493,1533,3,60
1493,1532,2,40
1493,1452,6,120
1493,1453,12,360
1493,1763,1,20
1493,1516,3,80
1493,1511,1,20
1493,1459,3,60
1493,1539,1,20
1493,1479,2,40
1495,1592,2,40
1495,1483,2,60
1495,1489,15,560
1495,1637,13,320
1495,1429,1,20
1495,1428,5,220
1495,1819,1,20
1495,1585,1,20
1495,1502,2,40
1495,1501,5,120
1495,1520,11,400
1495,1522,7,200
1495,1563,1,40
1495,1461,10,260
1495,1451,12,260
1495,1751,8,320
1495,1532,1,20
1495,1453,1,20
1495,1888,2,40
1495,1498,11,280
1495,1479,30,780
1495,1601,1,20
1495,1458,17,380
1495,1722,1,20
1495,1820,1,20
1495,1809,1,20
1495,1767,1,20
1495,1768,1,20
1495,1578,2,40
1495,1477,3,80
1495,1452,8,220
1495,1668,14,360
1495,1516,14,320
1495,1511,4,80
1495,1459,2,40
1800,1723,1,20
1800,1809,3,60
1800,1909,2,40
1800,1630,1,20
1800,1833,2,40
1800,1714,1,20
1800,1719,2,40
1800,1562,1,20
1800,1738,9,260
1800,1866,1,20
1800,1859,5,120
1800,1741,1,20
1800,1555,6,140
1800,1801,2,60
1800,1843,2,60
1800,1722,5,220
1800,1820,21,980
1800,1720,1,20
1800,1822,2,40
1800,1768,1,20
1800,1746,1,20
1800,1570,1,20
1800,1852,1,20
1498,1458,13,360
1498,1558,1,20
1498,1761,1,20
1498,1723,1,20
1498,1483,5,120
1498,1482,26,1040
1498,1486,6,120
1498,1489,3,60
1498,1585,39,1180
1498,1890,1,20
1498,1833,2,40
1498,1477,16,380
1498,1837,1,20
1498,1427,2,40
1498,1637,3,60
1498,1429,1,20
1498,1428,15,380
1498,1719,1,20
1498,1727,1,20
1498,1502,8,180
1498,1822,2,40
1498,1578,7,140
1498,1443,1,20
1498,1522,55,1720
1498,1757,1,20
1498,1520,39,1380
1498,1563,4,80
1498,1752,1,20
1498,1751,1,20
1498,1567,2,40
1498,1708,1,20
1498,1572,2,40
1498,1453,1,20
1498,1668,8,220
1498,1592,3,100
1498,1451,1,20
1498,1437,5,120
1498,1434,1,20
1498,1552,2,60
1498,1802,1,20
1498,1431,3,60
1498,1843,1,20
1498,1824,1,20
1498,1435,1,20
1498,1426,39,1100
1498,1847,1,20
1498,1820,1,20
1498,1809,2,40
1498,1439,3,100
1498,1601,1,20
1498,1457,26,820
1498,1533,4,80
1498,1532,2,40
1498,1452,30,800
1498,1475,1,20
1498,1763,2,40
1498,1516,7,140
1498,1511,8,240
1498,1459,41,1380
1498,1479,13,280
1555,1700,19,680
1555,1722,22,860
1555,1719,1,20
1555,1909,1,20
1555,1720,2,60
1555,1890,1,20
1555,1630,2,40
1555,1712,7,180
1555,1731,4,180
1555,1735,6,120
1555,1613,1,20
1555,1502,1,40
1555,1562,3,80
1555,1807,1,40
1555,1833,1,20
1555,1919,1,20
1555,1594,1,20
1555,1709,5,140
1555,1859,2,40
1555,1913,1,20
1555,1738,16,1100
1555,1552,58,2460
1555,1803,1,20
1555,1567,12,440
1555,1801,2,40
1555,1707,7,180
1555,1727,8,160
1555,1847,1,20
1555,1820,1,20
1555,1809,2,40
1555,1822,1,20
1555,1579,28,720
1555,1685,57,1780
1555,1558,21,540
1555,1574,15,320
1555,1572,6,160
1555,1746,5,120
1555,1516,1,20
1555,1458,1,20
1555,1580,6,140
1555,1570,8,260
1700,1833,5,100
1700,1837,1,20
1700,1835,3,60
1700,1461,2,40
1700,1552,54,4720
1700,1707,28,1360
1700,1708,1,20
1700,1558,30,1300
1700,1822,1,40
1700,1709,10,280
1700,1578,1,20
1700,1482,4,80
1700,1480,4,80
1700,1486,1,20
1700,1489,3,60
1700,1712,6,120
1700,1711,1,20
1700,1855,2,40
1700,1857,3,80
1700,1522,2,40
1700,1528,1,20
1700,1630,2,40
1700,1437,4,100
1700,1434,2,40
1700,1727,4,80
1700,1722,1,20
1700,1720,11,560
1700,1439,1,20
1700,1731,4,140
1700,1533,1,20
1700,1532,1,20
1700,1539,1,20
1700,1872,1,20
1700,1739,1,20
1700,1738,1,20
1700,1426,1,40
1700,1429,3,60
1700,1730,13,340
1700,1580,2,80
1700,1735,5,120
1700,1503,3,60
1700,1500,1,20
1700,1501,2,40
1700,1477,1,20
1700,1594,4,80
1700,1866,1,20
1700,1912,1,20
1700,1916,1,20
1700,1628,1,20
1700,1457,1,20
1700,1748,2,40
1700,1745,1,20
1700,1746,4,80
1700,1458,1,20
1700,1459,1,20
1700,1847,1,20
1700,1895,1,20
1700,1815,5,100
1700,1613,1,20
1700,1696,2,60
1700,1443,1,20
1700,1562,11,320
1700,1563,3,60
1700,1564,1,20
1700,1567,16,360
1700,1763,18,1000
1700,1885,1,20
1700,1761,1,20
1700,1802,1,20
1700,1801,1,20
1700,1579,41,1400
1700,1471,1,20
1700,1685,6,160
1700,1684,2,40
1700,1572,20,720
1700,1570,5,160
1700,1766,1,20
1700,1574,44,1360
1702,1718,13,340
1702,1648,1,20
1702,1920,2,40
1702,1877,18,840
1702,1872,2,40
1702,1897,5,160
1702,1890,8,240
1702,1682,3,60
1702,1739,1,20
1702,1711,33,1360
1702,1851,2,40
1702,1852,1,20
1702,1732,6,140
1702,1854,58,1960
1702,1613,1,20
1702,1650,6,140
1702,1698,1,20
1702,1858,1,20
1702,1861,7,160
1702,1688,2,40
1702,1889,73,4960
1702,1763,1,20
1702,1887,6,140
1702,1743,23,920
1702,1912,1,20
1702,1883,2,80
1702,1552,1,20
1702,1704,8,240
1702,1802,1,20
1702,1706,7,460
1702,1708,5,100
1702,1722,1,20
1702,1604,32,1180
1702,1720,3,80
1702,1822,1,20
1702,1911,1,20
1702,1457,1,40
1702,1749,82,4380
1702,1898,2,40
1702,1666,3,60
1702,1761,1,20
1702,1663,1,20
1702,1764,16,480
1702,1765,4,100
1552,1833,5,120
1552,1831,1,20
1552,1835,2,40
1552,1704,1,20
1552,1707,1,40
1552,1708,1,20
1552,1558,8,180
1552,1822,1,20
1552,1709,5,200
1552,1666,1,20
1552,1663,1,20
1552,1482,1,40
1552,1480,2,40
1552,1486,1,40
1552,1489,2,40
1552,1712,9,240
1552,1719,5,100
1552,1857,2,40
1552,1521,1,20
1552,1522,1,20
1552,1451,1,20
1552,1437,4,100
1552,1434,3,60
1552,1431,2,40
1552,1727,3,60
1552,1637,1,20
1552,1722,1,20
1552,1723,1,40
1552,1720,23,720
1552,1731,3,80
1552,1533,2,40
1552,1428,1,20
1552,1909,1,40
1552,1426,1,20
1552,1429,3,60
1552,1730,11,260
1552,1580,7,160
1552,1735,1,20
1552,1585,1,20
1552,1501,1,20
1552,1477,2,40
1552,1625,1,20
1552,1748,2,40
1552,1749,1,20
1552,1452,1,20
1552,1453,1,20
1552,1746,4,100
1552,1459,2,40
1552,1895,1,20
1552,1562,39,2820
1552,1563,2,40
1552,1564,2,60
1552,1752,2,40
1552,1698,1,20
1552,1567,13,380
1552,1859,1,60
1552,1763,5,120
1552,1885,2,40
1552,1883,1,20
1552,1880,1,20
1552,1570,3,80
1552,1801,5,160
1552,1809,1,20
1552,1579,14,360
1552,1685,40,1840
1552,1684,2,60
1552,1574,15,640
1552,1572,11,240
1552,1761,1,20
1552,1479,1,20
1704,1911,3,100
1704,1718,5,100
1704,1920,1,20
1704,1877,40,1640
1704,1872,2,40
1704,1897,2,40
1704,1890,19,660
1704,1713,36,1060
1704,1696,1,20
1704,1711,2,40
1704,1710,1,40
1704,1902,3,60
1704,1732,10,280
1704,1854,1,20
1704,1613,3,80
1704,1502,1,20
1704,1757,1,20
1704,1650,7,140
1704,1752,3,140
1704,1698,2,40
1704,1567,1,20
1704,1858,1,20
1704,1851,8,300
1704,1684,2,60
1704,1730,1,20
1704,1861,16,440
1704,1855,10,220
1704,1863,6,160
1704,1889,4,100
1704,1688,2,40
1704,1887,10,360
1704,1434,1,20
1704,1743,8,480
1704,1912,28,1260
1704,1883,8,200
1704,1625,3,100
1704,1431,1,20
1704,1708,8,160
1704,1714,1,40
1704,1723,1,20
1704,1720,1,20
1704,1822,2,40
1704,1628,8,300
1704,1768,1,20
1704,1533,2,60
1704,1749,10,340
1704,1739,1,40
1704,1453,1,20
1704,1898,2,40
1704,1665,26,1540
1704,1761,1,20
1704,1766,1,20
1704,1661,1,20
1704,1765,3,80
1705,1653,6,180
1705,1480,1,20
1705,1503,9,220
1705,1815,10,240
1705,1711,1,40
1705,1837,20,560
1705,1618,2,40
1705,1426,1,20
1705,1730,4,100
1705,1502,1,20
1705,1525,4,140
1705,1500,25,680
1705,1520,1,20
1705,1504,43,1360
1705,1528,52,2140
1705,1567,7,200
1705,1851,11,460
1705,1889,1,20
1705,1866,24,800
1705,1885,1,20
1705,1524,3,120
1705,1916,2,80
1705,1437,1,20
1705,1802,1,20
1705,1558,12,500
1705,1628,1,20
1705,1847,15,460
1705,1439,17,520
1705,1579,2,80
1705,1763,2,40
1705,1533,10,200
1705,1532,1,40
1705,1519,3,60
1705,1428,1,20
1705,1572,2,40
1705,1746,1,20
1705,1761,1,20
1705,1539,19,1340
1705,1538,13,480
1706,1718,10,300
1706,1877,6,160
1706,1872,4,100
1706,1897,10,400
1706,1890,13,320
1706,1713,9,240
1706,1710,2,40
1706,1851,85,3020
1706,1732,3,60
1706,1854,1,20
1706,1696,1,20
1706,1503,1,20
1706,1500,1,20
1706,1650,14,360
1706,1739,5,220
1706,1858,3,100
1706,1861,70,2700
1706,1863,1,20
1706,1889,21,640
1706,1887,12,320
1706,1883,5,120
1706,1708,9,220
1706,1519,1,20
1706,1749,4,80
1706,1898,5,100
1706,1743,21,460
1707,1558,7,320
1707,1922,1,20
1707,1480,1,20
1707,1719,1,20
1707,1909,2,40
1707,1895,2,40
1707,1630,1,20
1707,1712,2,40
1707,1714,2,60
1707,1731,30,920
1707,1580,6,180
1707,1735,6,120
1707,1613,1,20
1707,1723,1,20
1707,1562,30,860
1707,1564,3,80
1707,1752,1,20
1707,1751,1,20
1707,1567,36,1320
1707,1833,1,20
1707,1668,1,20
1707,1919,1,20
1707,1594,22,660
1707,1801,1,20
1707,1430,1,40
1707,1852,1,20
1707,1843,4,100
1707,1709,4,140
1707,1820,13,440
1707,1822,6,120
1707,1579,29,840
1707,1685,2,80
1707,1727,13,280
1707,1572,1,20
1707,1746,2,40
1707,1570,1,20
1707,1907,2,60
1707,1764,1,20
1707,1574,66,3120
1708,1837,1,20
1708,1835,2,40
1708,1757,1,20
1708,1822,39,1580
1708,1665,2,40
1708,1920,2,40
1708,1489,1,40
1708,1858,30,860
1708,1711,3,60
1708,1710,7,140
1708,1714,18,400
1708,1851,16,420
1708,1718,7,160
1708,1854,1,20
1708,1855,20,800
1708,1857,1,20
1708,1650,9,200
1708,1656,1,20
1708,1434,2,40
1708,1431,1,20
1708,1648,1,20
1708,1720,2,60
1708,1532,1,20
1708,1872,8,240
1708,1909,1,20
1708,1902,1,60
1708,1739,9,360
1708,1429,3,60
1708,1428,1,20
1708,1732,15,300
1708,1500,1,20
1708,1861,7,160
1708,1863,4,80
1708,1866,1,20
1708,1911,16,440
1708,1912,2,40
1708,1916,19,540
1708,1625,1,40
1708,1628,11,260
1708,1749,5,100
1708,1452,1,20
1708,1743,59,2540
1708,1723,5,120
1708,1898,2,40
1708,1895,2,40
1708,1897,9,280
1708,1890,11,240
1708,1613,27,720
1708,1682,1,20
1708,1752,1,20
1708,1698,1,20
1708,1713,1,20
1708,1889,2,40
1708,1688,13,1840
1708,1887,11,220
1708,1883,8,200
1708,1802,1,20
1708,1578,1,20
1708,1684,1,20
1708,1572,1,20
1708,1761,3,100
1708,1766,3,60
1708,1767,3,60
1708,1765,1,20
1558,1628,1,60
1558,1482,2,100
1558,1719,2,40
1558,1909,1,20
1558,1907,1,40
1558,1489,1,20
1558,1585,1,20
1558,1890,3,60
1558,1885,1,20
1558,1802,3,80
1558,1712,1,20
1558,1837,1,20
1558,1426,1,20
1558,1616,1,20
1558,1730,24,760
1558,1580,16,440
1558,1735,9,280
1558,1819,1,20
1558,1500,1,20
1558,1501,1,20
1558,1520,1,20
1558,1562,5,180
1558,1564,11,920
1558,1572,5,160
1558,1567,95,3900
1558,1833,9,400
1558,1477,1,20
1558,1528,2,60
1558,1594,5,200
1558,1866,8,160
1558,1803,1,20
1558,1913,1,20
1558,1912,1,20
1558,1738,1,20
1558,1439,7,160
1558,1437,1,20
1558,1801,2,60
1558,1709,3,60
1558,1714,5,100
1558,1847,6,340
1558,1723,5,100
1558,1809,1,20
1558,1822,6,160
1558,1911,1,20
1558,1731,13,440
1558,1579,29,840
1558,1685,38,1860
1558,1532,1,20
1558,1727,36,1200
1558,1763,13,520
1558,1665,1,20
1558,1570,5,100
1558,1767,1,20
1558,1574,48,1700
1821,1888,8,180
1821,1482,1,20
1821,1895,56,3620
1821,1489,2,60
1821,1892,4,160
1821,1630,7,220
1821,1815,3,160
1821,1632,9,220
1821,1831,8,220
1821,1835,14,520
1821,1851,1,20
1821,1818,12,320
1821,1819,9,260
1821,1857,74,4300
1821,1503,5,200
1821,1457,2,40
1821,1521,8,260
1821,1757,1,20
1821,1653,1,20
1821,1563,3,100
1821,1752,2,40
1821,1477,1,20
1821,1572,1,80
1821,1833,15,500
1821,1865,3,60
1821,1866,25,640
1821,1859,1,20
1821,1885,4,80
1821,1807,3,100
1821,1437,3,60
1821,1434,6,260
1821,1803,7,160
1821,1802,48,1700
1821,1625,3,60
1821,1601,3,140
1821,1847,12,360
1821,1809,1,20
1821,1822,1,20
1821,1843,1,20
1821,1579,1,20
1821,1471,1,20
1821,1533,3,60
1821,1532,5,280
1821,1428,1,20
1821,1666,3,120
1821,1741,1,20
1821,1539,4,100
1820,1908,2,40
1820,1907,2,60
1820,1712,1,20
1820,1714,2,40
1820,1731,1,60
1820,1719,6,140
1820,1819,1,20
1820,1737,5,100
1820,1833,38,1100
1820,1859,3,100
1820,1594,3,180
1820,1665,1,20
1820,1880,1,20
1820,1741,4,100
1820,1801,1,20
1820,1601,1,20
1820,1709,1,20
1820,1722,9,240
1820,1723,2,120
1820,1809,3,60
1820,1822,3,60
1820,1843,5,140
1820,1579,1,20
1820,1748,5,120
1820,1727,1,20
1820,1763,2,40
1820,1746,3,60
1820,1761,1,40
1822,1833,13,300
1822,1837,1,40
1822,1709,1,60
1822,1666,3,80
1822,1482,1,20
1822,1859,11,340
1822,1711,2,40
1822,1710,1,20
1822,1714,63,2260
1822,1851,1,20
1822,1719,7,220
1822,1855,1,20
1822,1857,1,20
1822,1522,1,20
1822,1437,2,40
1822,1434,3,80
1822,1843,4,180
1822,1847,1,20
1822,1723,49,1840
1822,1720,6,180
1822,1532,3,60
1822,1909,8,240
1822,1906,1,20
1822,1902,1,20
1822,1630,2,40
1822,1738,4,100
1822,1731,4,100
1822,1580,4,120
1822,1732,1,20
1822,1737,3,60
1822,1502,1,20
1822,1500,1,40
1822,1594,1,20
1822,1911,7,160
1822,1912,2,60
1822,1916,8,240
1822,1625,1,20
1822,1628,5,120
1822,1748,12,260
1822,1749,1,20
1822,1746,3,80
1822,1741,3,60
1822,1743,1,20
1822,1722,5,120
1822,1648,1,20
1822,1890,3,60
1822,1613,7,140
1822,1757,1,40
1822,1562,1,20
1822,1564,2,40
1822,1698,1,20
1822,1567,3,120
1822,1889,3,60
1822,1763,9,240
1822,1761,1,20
1822,1802,1,20
1822,1801,37,1140
1822,1809,11,220
1822,1579,3,60
1822,1685,1,20
1822,1688,18,660
1822,1570,1,20
1822,1767,8,200
1822,1764,1,20
1579,1628,1,20
1579,1443,1,20
1579,1570,3,60
1579,1459,1,20
1579,1613,1,20
1579,1480,1,20
1579,1872,1,20
1579,1909,1,20
1579,1895,1,20
1579,1489,1,20
1579,1439,1,20
1579,1902,4,200
1579,1606,2,80
1579,1802,1,20
1579,1630,1,20
1579,1632,1,20
1579,1912,1,20
1579,1685,9,340
1579,1741,6,160
1579,1731,13,400
1579,1851,4,240
1579,1735,4,80
1579,1855,1,20
1579,1502,1,20
1579,1500,1,20
1579,1501,1,20
1579,1520,2,40
1579,1801,3,60
1579,1757,2,60
1579,1748,3,60
1579,1562,3,80
1579,1428,1,20
1579,1751,1,20
1579,1477,1,20
1579,1572,6,200
1579,1712,3,100
1579,1457,1,20
1579,1730,11,440
1579,1764,1,100
1579,1919,1,20
1579,1594,16,520
1579,1684,2,40
1579,1889,1,20
1579,1866,2,40
1579,1859,1,20
1579,1885,2,60
1579,1580,3,80
1579,1916,1,20
1579,1437,1,20
1579,1434,1,20
1579,1625,2,80
1579,1843,3,100
1579,1431,1,20
1579,1809,1,20
1579,1471,1,40
1579,1833,2,40
1579,1532,3,80
1579,1709,1,20
1579,1574,10,340
1579,1763,44,1940
1579,1567,8,200
1579,1719,2,80
1579,1539,1,20
1579,1765,1,20
1698,1761,3,100
1698,1920,7,180
1698,1887,2,60
1698,1872,1,20
1698,1908,15,520
1698,1898,1,20
1698,1890,1,20
1698,1713,4,100
1698,1833,1,20
1698,1714,2,40
1698,1730,1,20
1698,1855,24,840
1698,1685,1,20
1698,1572,2,40
1698,1613,33,1460
1698,1767,31,1640
1698,1684,31,940
1698,1688,8,160
1698,1889,2,40
1698,1745,47,1240
1698,1911,1,20
1698,1912,14,280
1698,1916,22,880
1698,1656,12,340
1698,1628,1,20
1698,1722,1,20
1698,1723,2,40
1698,1720,1,20
1698,1681,7,180
1698,1680,6,140
1698,1682,4,120
1698,1533,1,20
1698,1764,9,220
1698,1687,7,140
1698,1666,8,220
1698,1665,29,860
1698,1664,8,200
169,816,631,206,000
1698,1719,1,20
1698,1661,6,120
1698,1765,10,300
1668,1761,1,40
1668,1458,5,120
1668,1489,1,20
1668,1585,1,20
1668,1637,6,160
1668,1428,1,20
1668,1857,1,20
1668,1502,4,80
1668,1501,7,140
1668,1520,14,460
1668,1522,3,60
1668,1757,1,20
1668,1653,3,100
1668,1461,5,100
1668,1751,9,300
1668,1451,15,660
1668,1453,1,20
1668,1916,1,20
1668,1437,1,20
1668,1479,7,160
1668,1727,2,40
1668,1457,4,100
1668,1439,1,20
1668,1578,1,40
1668,1533,1,20
1668,1477,3,80
1668,1452,6,140
1668,1824,10,360
1668,1745,1,20
1668,1516,2,40
1668,1511,2,40
1668,1459,4,120
1668,1574,1,20
1666,1920,40,1420
1666,1887,2,40
1666,1572,1,20
1666,1720,1,20
1666,1908,14,520
1666,1895,5,100
1666,1489,1,20
1666,1890,22,860
1666,1739,1,20
1666,1696,17,460
1666,1664,18,680
1666,1851,2,40
1666,1613,4,80
1666,1857,2,80
1666,1502,1,20
1666,1522,1,20
1666,1757,23,760
1666,1727,1,20
1666,1752,1,20
1666,1663,7,160
1666,1648,1,20
1666,1684,6,120
1666,1861,1,20
1666,1688,30,880
1666,1911,1,20
1666,1743,4,80
1666,1912,3,80
1666,1916,3,60
1666,1574,1,20
1666,1625,1,20
1666,1601,1,20
1666,1656,4,80
1666,1855,1,40
1666,1714,5,100
1666,1723,3,100
1666,1809,1,20
1666,1681,4,140
1666,1680,4,80
1666,1768,3,80
1666,1682,10,280
1666,1749,1,20
1666,1687,7,160
1666,1453,1,20
1666,1745,21,580
1666,1665,15,420
1666,1761,1,20
1666,1766,1,40
1666,1767,6,180
1666,1661,18,480
1666,1765,40,1500
1665,1628,6,120
1665,1604,1,20
1665,1661,4,80
1665,1920,63,2240
1665,1877,1,20
1665,1480,1,20
1665,1872,1,20
1665,1908,7,140
1665,1909,2,40
1665,1890,10,460
1665,1815,1,20
1665,1711,1,20
1665,1653,1,20
1665,1664,5,100
1665,1429,1,20
1665,1851,1,20
1665,1732,1,20
1665,1854,1,20
1665,1613,1,20
1665,1731,2,60
1665,1696,5,120
1665,1685,1,20
1665,1757,1,40
1665,1564,1,20
1665,1752,3,80
1665,1855,2,40
1665,1572,1,20
166,516,631,063,980
1665,1859,1,20
1665,1688,5,120
1665,1902,2,40
1665,1745,37,920
1665,1887,2,180
1665,1743,1,40
1665,1912,37,2380
1665,1578,1,20
1665,1656,3,80
1665,1567,1,20
1665,1714,1,20
1665,1649,1,20
1665,1681,5,220
1665,1843,1,40
1665,1768,2,60
1665,1682,3,60
1665,1680,3,60
1665,1684,6,120
1665,1687,2,40
1665,1761,1,20
1665,1766,5,160
1665,1767,4,80
1665,1764,10,260
1665,1765,4,160
1664,1920,1,20
1664,1908,22,560
1664,1837,1,20
1664,1854,1,20
1664,1696,8,180
1664,1650,1,20
1664,1656,1,20
1664,1688,52,2000
1664,1887,1,20
1664,1912,6,220
1664,1681,3,60
1664,1680,15,440
1664,1682,18,540
1664,1684,8,180
1664,1687,6,120
1664,1745,32,980
1664,1663,6,120
1664,1661,15,320
1664,1765,15,600
1663,1743,3,80
1663,1920,44,1280
1663,1877,1,20
1663,1898,1,20
1663,1908,20,560
1663,1851,1,20
1663,1732,1,20
1663,1854,1,20
1663,1696,7,200
1663,1525,1,20
1663,1688,7,180
1663,1887,1,20
1663,1912,4,120
1663,1656,4,160
1663,1681,5,120
1663,1680,20,840
1663,1682,2,60
1663,1685,1,20
1663,1684,34,920
1663,1687,3,60
1663,1745,55,1420
1663,1661,16,460
1663,1765,10,420
1661,1920,13,260
1661,1908,20,520
1661,1503,1,20
1661,1696,19,840
1661,1656,9,260
1661,1688,11,300
1661,1912,5,140
1661,1681,3,60
1661,1680,13,400
1661,1682,73,3720
1661,1684,22,480
1661,1687,21,460
1661,1745,12,400
1661,1765,3,60
1920,1761,4,120
1920,1908,5,120
1920,1909,1,20
1920,1890,27,1260
1920,1739,1,20
1920,1730,2,40
1920,1696,3,80
1920,1525,1,20
1920,1520,1,20
1920,1757,44,2380
1920,1650,1,20
1920,1752,4,120
1920,1688,12,280
1920,1889,2,80
1920,1743,3,60
1920,1912,5,120
1920,1837,1,20
1920,1437,2,40
1920,1656,11,240
1920,1766,4,80
1920,1902,2,40
1920,1648,2,40
1920,1681,7,160
1920,1680,14,340
1920,1682,14,340
1920,1685,1,80
1920,1684,12,320
1920,1687,26,700
1920,1745,7,140
1920,1767,2,40
1920,1765,31,1020
1482,1807,1,20
1482,1847,2,40
1482,1458,2,40
1482,1480,4,100
1482,1486,2,40
1482,1895,1,20
1482,1489,1,20
1482,1585,32,920
1482,1815,1,20
1482,1427,5,100
1482,1426,13,320
1482,1429,5,160
1482,1428,5,100
1482,1857,1,20
1482,1502,1,20
1482,1578,27,740
1482,1443,2,40
1482,1441,1,20
1482,1824,7,300
1482,1465,3,60
1482,1520,2,40
1482,1563,12,280
1482,1477,12,340
1482,1522,17,400
1482,1833,3,60
1482,1453,1,40
1482,1889,1,20
1482,1592,13,320
1482,1501,2,40
1482,1885,2,40
1482,1439,6,140
1482,1437,8,180
1482,1434,1,20
1482,1802,3,60
1482,1430,18,600
1482,1431,7,160
1482,1435,7,200
1482,1457,3,80
1482,1471,19,600
1482,1533,18,460
1482,1532,1,20
1482,1452,16,360
1482,1475,6,180
1482,1572,2,40
1482,1479,2,40
1482,1511,1,20
1482,1459,17,420
1922,1906,1,20
1922,1907,7,240
1922,1616,1,20
1922,1617,1,20
1922,1852,1,40
1922,1613,4,80
1922,1648,3,60
1922,1650,9,300
1922,1919,1,20
1922,1911,1,20
1922,1913,15,360
1922,1916,14,300
1922,1641,1,20
1922,1625,1,20
1922,1643,12,380
1922,1603,32,1100
1922,1628,3,60
1922,1649,2,40
1922,1604,19,800
1922,1606,2,40
1922,1741,1,20
1922,1574,1,20
1480,1628,1,20
1480,1743,2,60
1480,1486,6,120
1480,1895,1,20
1480,1489,26,680
1480,1890,1,20
1480,1504,1,40
1480,1428,2,120
1480,1833,1,20
1480,1711,3,60
1480,1453,2,40
1480,1837,1,20
1480,1427,1,40
1480,1426,6,140
1480,1429,9,320
1480,1730,1,20
1480,1732,1,20
1480,1585,4,80
1480,1502,3,240
1480,1471,10,220
1480,1443,17,540
1480,1441,1,20
1480,1465,2,40
1480,1757,1,20
1480,1519,1,20
1480,1563,10,260
1480,1461,26,1200
1480,1451,1,20
1480,1477,1,20
1480,1431,33,2360
1480,1522,2,40
1480,1457,1,20
1480,1861,1,20
1480,1863,1,20
1480,1501,6,240
1480,1885,5,160
1480,1437,11,280
1480,1434,18,860
1480,1430,1,20
1480,1824,4,100
1480,1435,1,20
1480,1835,3,100
1480,1439,63,2300
1480,1768,1,20
1480,1578,9,200
1480,1533,7,160
1480,1532,4,120
1480,1452,1,20
1480,1475,11,720
1480,1572,1,20
1480,1516,4,100
1480,1459,1,20
1480,1594,1,20
1480,1574,1,20
1486,1895,1,20
1486,1489,5,100
1486,1712,1,20
1486,1427,7,140
1486,1426,6,120
1486,1429,1,20
1486,1428,1,20
1486,1585,53,1580
1486,1502,3,60
1486,1471,6,120
1486,1443,5,120
1486,1441,28,820
1486,1465,4,100
1486,1563,5,100
1486,1522,1,20
1486,1435,4,80
1486,1592,6,120
1486,1501,1,20
1486,1437,12,260
1486,1434,1,20
1486,1618,1,20
1486,1431,4,80
1486,1824,3,60
1486,1439,15,480
1486,1578,11,360
1486,1477,3,60
1486,1452,3,60
1486,1475,3,80
1486,1458,1,20
1486,1746,1,20
1486,1511,14,540
1486,1459,5,100
1709,1719,3,80
1709,1909,3,80
1709,1630,1,20
1709,1712,5,180
1709,1741,1,20
1709,1731,5,100
1709,1580,4,140
1709,1735,12,360
1709,1737,1,40
1709,1857,1,20
1709,1696,1,20
1709,1521,1,80
1709,1685,4,140
1709,1562,8,180
1709,1567,6,160
1709,1833,3,60
1709,1594,3,80
1709,1572,4,120
1709,1859,2,60
1709,1913,1,20
1709,1684,1,20
1709,1650,1,20
1709,1801,3,60
1709,1843,1,20
1709,1722,2,40
1709,1720,2,40
1709,1748,1,20
1709,1477,1,20
1709,1727,2,60
1709,1745,1,20
1709,1746,9,480
1709,1570,7,140
1709,1852,2,140
1709,1574,6,160
1489,1722,1,20
1489,1572,1,20
1489,1585,5,100
1489,1890,3,80
1489,1815,1,20
1489,1711,1,20
1489,1453,11,320
1489,1837,1,20
1489,1427,1,20
1489,1426,2,80
1489,1429,49,3900
1489,1428,4,100
1489,1732,1,20
1489,1857,3,60
1489,1502,3,80
1489,1503,2,60
1489,1471,3,60
1489,1443,11,440
1489,1441,1,20
1489,1824,9,260
1489,1563,46,2660
1489,1461,2,40
1489,1752,1,20
1489,1528,1,20
1489,1522,2,40
1489,1833,2,40
1489,1475,7,180
1489,1730,2,40
1489,1592,17,520
1489,1525,1,20
1489,1451,13,1000
1489,1916,1,20
1489,1437,19,760
1489,1434,6,120
1489,1430,2,40
1489,1431,15,480
1489,1435,3,60
1489,1457,10,280
1489,1723,1,20
1489,1439,6,120
1489,1578,2,40
1489,1519,1,20
1489,1532,2,40
1489,1760,1,20
1489,1458,2,40
1489,1459,1,20
1489,1764,1,20
1489,1743,1,20
1713,1718,5,140
1713,1877,3,60
1713,1872,2,40
1713,1897,9,280
1713,1890,6,120
1713,1739,16,660
1713,1710,2,40
1713,1851,2,60
1713,1732,1,40
1713,1854,2,40
1713,1855,3,80
1713,1650,7,140
1713,1858,3,60
1713,1861,6,120
1713,1863,53,1780
1713,1889,1,20
1713,1887,3,100
1713,1883,2,60
1713,1681,2,60
1713,1682,3,160
1713,1749,5,140
1713,1898,2,40
1713,1743,5,140
1712,1807,1,20
1712,1902,1,20
1712,1630,1,20
1712,1738,1,20
1712,1632,1,20
1712,1731,6,120
1712,1580,2,40
1712,1735,3,60
1712,1613,1,20
1712,1737,1,20
1712,1465,1,20
1712,1562,2,40
1712,1727,33,1560
1712,1564,1,20
1712,1567,4,120
1712,1859,3,60
1712,1475,1,20
1712,1572,4,100
1712,1434,1,20
1712,1801,1,20
1712,1722,1,20
1712,1809,1,20
1712,1685,6,120
1712,1477,1,20
1712,1574,24,1400
1712,1763,1,20
1712,1746,4,100
1712,1761,1,20
1712,1766,1,20
1712,1719,1,40
1712,1594,13,280
1712,1570,15,640
1711,1628,3,60
1711,1909,3,60
1711,1907,1,20
1711,1890,2,60
1711,1632,4,100
1711,1616,1,40
1711,1902,2,40
1711,1719,1,20
1711,1732,1,20
1711,1737,1,20
1711,1696,3,140
1711,1500,1,20
1711,1443,1,20
1711,1757,2,40
1711,1563,1,20
1711,1753,3,100
1711,1752,14,320
1711,1855,2,40
1711,1471,2,40
1711,1684,2,160
1711,1861,4,80
1711,1889,4,140
1711,1866,1,40
1711,1743,6,240
1711,1912,3,60
1711,1760,7,180
1711,1916,3,80
1711,1457,3,80
1711,1761,16,540
1711,1431,2,60
1711,1835,1,20
1711,1714,1,20
1711,1847,1,20
1711,1723,2,40
1711,1429,1,20
1711,1768,5,140
1711,1578,1,20
1711,1519,2,40
1711,1749,19,420
1711,1453,1,20
1711,1604,22,760
1711,1766,7,140
1711,1767,25,700
1711,1764,18,500
1711,1765,14,520
1710,1732,1,20
1710,1613,6,120
1710,1877,1,20
1710,1897,3,80
1710,1890,2,40
1710,1714,1,20
1710,1851,2,40
1710,1718,4,80
1710,1854,3,60
1710,1855,2,60
1710,1696,1,20
1710,1650,3,80
1710,1752,1,20
1710,1861,1,40
1710,1863,2,40
1710,1902,8,240
1710,1887,3,60
1710,1883,3,60
1710,1437,1,20
1710,1625,3,60
1710,1628,4,100
1710,1911,3,80
1710,1533,1,20
1710,1749,1,20
1710,1743,9,460
1714,1628,7,140
1714,1855,2,40
1714,1815,1,20
1714,1723,40,1480
1714,1719,10,240
1714,1909,9,240
1714,1907,1,20
1714,1439,1,20
1714,1902,1,20
1714,1738,1,40
1714,1731,2,40
1714,1851,1,20
1714,1732,2,40
1714,1735,5,460
1714,1613,6,120
1714,1737,4,80
1714,1757,1,20
1714,1563,1,20
1714,1564,1,20
1714,1428,1,20
1714,1833,2,40
1714,1767,8,180
1714,1861,2,40
1714,1594,2,100
1714,1688,14,540
1714,1889,2,40
1714,1763,11,300
1714,1911,4,80
1714,1859,3,60
1714,1912,1,20
1714,1916,11,280
1714,1434,1,20
1714,1570,4,200
1714,1801,4,80
1714,1722,5,100
1714,1720,5,180
1714,1843,4,120
1714,1453,1,20
1714,1574,1,20
1714,1567,3,140
1714,1580,5,160
1714,1764,1,20
1714,1743,1,20
1851,1718,7,200
1851,1625,26,1100
1851,1649,1,40
1851,1538,2,60
1851,1877,5,140
1851,1908,3,60
1851,1909,2,40
1851,1857,1,20
1851,1890,16,420
1851,1519,1,40
1851,1766,1,20
1851,1887,6,180
1851,1902,2,40
1851,1732,2,40
1851,1854,2,160
1851,1613,3,60
1851,1696,11,280
1851,1648,23,600
1851,1767,1,20
1851,1749,3,60
1851,1650,15,360
1851,1656,1,20
1851,1858,8,160
1851,1861,29,920
1851,1855,54,1700
1851,1889,29,800
1851,1866,3,80
1851,1911,21,1180
1851,1912,1,40
1851,1883,2,60
1851,1916,5,240
1851,1743,5,140
1851,1528,7,160
1851,1897,3,60
1851,1628,8,240
1851,1723,1,20
1851,1720,4,160
1851,1681,2,40
1851,1457,1,20
1851,1533,1,20
1851,1532,3,100
1851,1739,1,60
1851,1761,22,760
1851,1852,17,580
1851,1764,1,20
1851,1765,1,20
1719,1723,12,620
1719,1911,1,20
1719,1720,13,580
1719,1909,6,180
1719,1630,1,20
1719,1731,3,100
1719,1737,2,40
1719,1685,1,20
1719,1562,2,40
1719,1727,2,60
1719,1567,2,60
1719,1741,10,260
1719,1833,9,200
1719,1632,1,40
1719,1594,1,20
1719,1888,1,20
1719,1859,41,1760
1719,1738,1,20
1719,1801,21,900
1719,1843,24,860
1719,1722,1,20
1719,1809,13,340
1719,1748,63,2140
1719,1835,1,20
1719,1763,2,40
1719,1746,4,100
1719,1580,3,60
1719,1764,1,20
1719,1574,2,80
1718,1877,9,200
1718,1872,13,480
1718,1897,15,500
1718,1890,14,400
1718,1732,6,120
1718,1854,2,40
1718,1855,49,1800
1718,1650,21,480
1718,1858,15,600
1718,1861,8,320
1718,1889,4,80
1718,1887,71,3080
1718,1883,5,100
1718,1606,1,20
1718,1519,1,20
1718,1749,21,600
1718,1898,2,60
1718,1743,6,120
1854,1732,4,100
1854,1739,1,20
1854,1877,1,20
1854,1872,2,40
1854,1897,3,60
1854,1890,4,120
1854,1837,1,20
1854,1855,1,60
1854,1503,1,20
1854,1858,1,20
1854,1861,1,20
1854,1863,1,20
1854,1889,16,420
1854,1688,1,20
1854,1887,6,140
1854,1883,1,20
1854,1680,2,40
1854,1749,3,60
1854,1898,1,20
1854,1765,2,80
1855,1732,7,180
1855,1648,1,20
1855,1877,3,100
1855,1872,30,1040
1855,1722,1,40
1855,1895,1,20
1855,1898,1,20
1855,1897,1,40
1855,1890,11,260
1855,1833,2,40
1855,1641,1,20
1855,1429,1,20
1855,1613,31,2020
1855,1757,1,20
1855,1650,8,160
1855,1858,2,40
1855,1656,1,20
1855,1916,27,960
1855,1863,8,200
1855,1887,7,220
1855,1501,1,20
1855,1883,12,440
1855,1439,1,20
1855,1743,4,100
1855,1628,2,40
1855,1847,1,40
1855,1723,1,20
1855,1911,5,120
1855,1533,1,20
1855,1749,8,160
1855,1567,1,20
1855,1767,20,800
1855,1764,2,40
1855,1765,1,20
1857,1628,1,20
1857,1807,8,180
1857,1847,26,820
1857,1866,28,1340
1857,1613,1,20
1857,1572,3,60
1857,1909,1,20
1857,1895,49,3020
1857,1439,2,40
1857,1902,1,20
1857,1630,3,80
1857,1815,3,60
1857,1632,11,240
1857,1831,11,480
1857,1429,1,20
1857,1818,1,20
1857,1819,10,280
1857,1585,3,60
1857,1503,3,80
1857,1471,2,40
1857,1521,6,120
1857,1685,1,20
1857,1563,2,80
1857,1753,1,20
1857,1752,1,20
1857,1477,1,20
1857,1833,6,140
1857,1453,1,20
1857,1730,1,20
1857,1865,5,120
1857,1888,1,20
1857,1885,5,120
1857,1880,1,20
1857,1437,1,40
1857,1434,5,480
1857,1803,4,80
1857,1802,8,200
1857,1625,1,20
1857,1457,1,20
1857,1809,1,20
1857,1768,1,20
1857,1578,3,60
1857,1533,6,180
1857,1532,5,420
1857,1835,13,340
1857,1761,1,20
1857,1741,1,20
1857,1539,4,120
1524,1815,24,740
1524,1618,3,60
1524,1503,67,2600
1524,1730,2,40
1524,1890,1,20
1524,1525,2,40
1524,1500,4,100
1524,1533,7,200
1524,1532,1,40
1524,1504,7,160
1524,1653,2,40
1524,1538,8,300
1524,1563,1,20
1524,1528,7,160
1524,1539,19,840
1524,1837,6,140
1525,1519,4,80
1525,1908,1,20
1525,1585,3,60
1525,1815,16,360
1525,1837,29,1120
1525,1618,8,160
1525,1426,3,80
1525,1730,5,100
1525,1503,4,240
1525,1500,30,840
1525,1520,1,20
1525,1504,16,360
1525,1653,7,280
1525,1538,4,80
1525,1563,1,20
1525,1684,1,20
1525,1437,1,20
1525,1516,2,40
1525,1430,1,20
1525,1431,1,20
1525,1528,38,1240
1525,1680,1,20
1525,1533,5,120
1525,1532,19,540
1525,1452,1,20
1525,1428,2,40
1525,1511,1,20
1525,1765,1,20
1525,1539,2,40
1525,1502,1,20
1520,1457,5,100
1520,1503,1,20
1520,1837,3,60
1520,1637,2,40
1520,1730,1,40
1520,1585,10,500
1520,1502,30,840
1520,1500,2,40
1520,1501,2,40
1520,1443,2,40
1520,1522,11,240
1520,1824,1,20
1520,1563,2,40
1520,1428,23,620
1520,1751,2,60
1520,1567,2,40
1520,1437,5,100
1520,1453,2,40
1520,1477,9,200
1520,1465,1,20
1520,1592,3,60
1520,1451,33,1040
1520,1802,3,60
1520,1483,5,100
1520,1479,1,20
1520,1430,2,40
1520,1458,5,120
1520,1426,13,320
1520,1847,4,140
1520,1471,2,60
1520,1533,1,20
1520,1532,2,40
1520,1452,12,360
1520,1763,1,20
1520,1516,10,240
1520,1511,1,20
1520,1459,5,120
1521,1847,3,60
1521,1888,1,20
1521,1895,4,100
1521,1892,6,120
1521,1630,7,140
1521,1815,1,20
1521,1632,2,40
1521,1831,4,80
1521,1835,2,40
1521,1429,2,40
1521,1818,2,40
1521,1819,3,60
1521,1443,1,20
1521,1653,2,60
1521,1753,2,40
1521,1865,4,120
1521,1866,1,40
1521,1885,4,120
1521,1880,1,20
1521,1807,4,80
1521,1805,1,20
1521,1803,1,20
1521,1802,5,120
1521,1601,1,20
1521,1843,1,20
1521,1824,4,80
1521,1745,5,100
1521,1746,4,120
1521,1458,1,20
1522,1426,4,80
1522,1592,1,20
1522,1761,1,20
1522,1613,4,80
1522,1483,1,20
1522,1909,1,20
1522,1895,1,20
1522,1892,1,20
1522,1453,3,80
1522,1427,3,60
1522,1637,3,60
1522,1429,4,80
1522,1730,1,20
1522,1818,2,40
1522,1585,9,180
1522,1502,3,60
1522,1503,1,20
1522,1500,1,40
1522,1471,10,280
1522,1441,3,60
1522,1443,2,60
1522,1563,1,20
1522,1461,2,40
1522,1428,2,40
1522,1567,2,40
1522,1572,1,20
1522,1833,2,40
1522,1865,1,20
1522,1889,1,20
1522,1888,1,20
1522,1501,2,40
1522,1451,6,120
1522,1434,1,20
1522,1801,1,20
1522,1431,5,120
1522,1458,18,480
1522,1435,3,80
1522,1457,47,1340
1522,1847,1,20
1522,1578,11,280
1522,1533,11,540
1522,1477,35,980
1522,1452,42,1100
1522,1475,1,20
1522,1516,2,60
1522,1511,11,440
1522,1459,53,2400
1522,1479,18,480
1653,1503,16,620
1653,1815,26,660
1653,1837,15,400
1653,1618,4,80
1653,1835,1,20
1653,1429,1,20
1653,1730,9,240
1653,1500,10,280
1653,1457,1,20
1653,1504,30,780
1653,1824,1,40
1653,1519,2,40
1653,1650,1,20
1653,1563,1,20
1653,1753,1,100
1653,1866,1,20
1653,1528,12,300
1653,1578,1,20
1653,1533,34,1040
1653,1532,8,180
1653,1745,1,20
1653,1458,1,20
1653,1539,21,420
1653,1538,14,420
1650,1919,1,20
1650,1613,1,20
1650,1877,5,100
1650,1872,8,180
1650,1906,1,20
1650,1907,14,460
1650,1897,5,120
1650,1890,11,280
1650,1852,1,20
1650,1732,6,140
1650,1563,1,20
1650,1684,1,40
1650,1739,5,120
1650,1648,5,160
1650,1861,4,120
1650,1863,6,140
1650,1858,2,60
1650,1889,5,120
1650,1688,1,20
1650,1887,12,280
1650,1883,10,280
1650,1437,1,20
1650,1643,15,900
1650,1603,1,20
1650,1628,1,20
1650,1649,1,20
1650,1604,1,40
1650,1578,1,20
1650,1749,6,160
1650,1824,1,20
1650,1898,9,300
1650,1743,5,140
1656,1908,38,1040
1656,1833,1,20
1656,1732,1,20
1656,1696,5,120
1656,1863,1,20
1656,1688,3,60
1656,1912,6,120
1656,1743,1,20
1656,1681,5,120
1656,1680,11,220
1656,1682,5,120
1656,1684,2,40
1656,1687,1,20
1656,1745,3,60
1656,1765,31,900
1749,1732,2,40
1749,1847,1,20
1749,1890,7,240
1749,1604,47,1660
1749,1877,8,340
1749,1872,3,60
1749,1906,1,20
1749,1898,2,40
1749,1439,1,20
1749,1902,1,20
1749,1887,2,40
1749,1696,1,20
1749,1500,1,20
1749,1501,1,20
1749,1606,1,20
1749,1757,2,40
1749,1858,3,100
1749,1739,3,160
1749,1648,1,20
1749,1861,7,220
1749,1863,54,2260
1749,1889,6,220
1749,1745,1,20
1749,1911,2,40
1749,1883,69,1940
1749,1916,3,60
1749,1802,1,20
1749,1897,4,80
1749,1722,2,40
1749,1723,1,20
1749,1720,1,20
1749,1682,3,100
1749,1533,1,20
1749,1684,1,20
1749,1452,1,20
1749,1428,1,20
1749,1761,1,20
1749,1764,24,840
1749,1743,20,1100
1630,1807,3,60
1630,1735,1,20
1630,1866,3,60
1630,1761,2,40
1630,1895,5,100
1630,1902,1,20
1630,1885,19,1040
1630,1892,2,100
1630,1632,1,20
1630,1831,3,80
1630,1427,1,20
1630,1616,1,20
1630,1617,1,20
1630,1818,1,40
1630,1819,1,20
1630,1757,2,40
1630,1564,1,20
1630,1833,1,20
1630,1865,2,40
1630,1888,1,20
1630,1803,3,80
1630,1913,1,20
1630,1738,1,20
1630,1917,1,20
1630,1880,3,60
1630,1805,1,20
1630,1435,1,20
1630,1847,3,80
1630,1601,5,200
1630,1426,1,20
1630,1477,1,20
1630,1727,1,20
1630,1574,2,40
1630,1516,1,20
1630,1764,1,20
1630,1570,1,20
1833,1837,1,20
1833,1835,9,240
1833,1757,1,20
1833,1768,2,40
1833,1859,3,60
1833,1437,2,40
1833,1434,1,20
1833,1843,2,60
1833,1722,42,1180
1833,1723,3,60
1833,1720,6,160
1833,1533,1,20
1833,1532,3,80
1833,1539,1,20
1833,1909,4,100
1833,1738,2,40
1833,1426,3,60
1833,1428,1,20
1833,1580,1,20
1833,1732,1,20
1833,1735,1,20
1833,1737,1,20
1833,1585,5,100
1833,1861,1,20
1833,1916,1,20
1833,1748,30,1040
1833,1746,4,80
1833,1516,2,40
1833,1458,1,20
1833,1741,3,80
1833,1895,7,160
1833,1890,1,20
1833,1819,1,20
1833,1562,1,20
1833,1563,1,20
1833,1567,7,160
1833,1572,1,40
1833,1885,1,20
1833,1880,1,20
1833,1802,1,20
1833,1801,16,440
1833,1809,6,220
1833,1685,1,20
1833,1477,1,20
1833,1763,11,220
1833,1479,1,20
1833,1767,1,20
1833,1764,1,20
1831,1649,2,40
1831,1895,10,220
1831,1892,5,120
1831,1632,11,340
1831,1835,1,20
1831,1818,7,160
1831,1819,10,260
1831,1465,1,20
1831,1752,1,20
1831,1805,2,40
1831,1594,1,20
1831,1865,13,360
1831,1888,40,2880
1831,1885,1,20
1831,1880,1,20
1831,1807,4,160
1831,1866,5,100
1831,1802,6,160
1831,1601,3,60
1831,1847,5,180
1831,1843,1,20
1831,1685,1,20
1831,1477,1,20
1831,1516,1,20
1831,1458,1,20
1831,1767,1,20
1831,1574,1,20
1837,1519,5,220
1837,1592,1,20
1837,1567,1,20
1837,1895,2,40
1837,1585,4,80
1837,1618,3,140
1837,1503,5,100
1837,1429,3,60
1837,1730,2,40
1837,1500,63,2320
1837,1457,1,20
1837,1504,26,540
1837,1538,5,200
1837,1916,1,20
1837,1528,25,660
1837,1428,4,80
1837,1437,1,20
1837,1815,9,200
1837,1501,8,400
1837,1912,1,20
1837,1802,50,1720
1837,1483,2,40
1837,1434,3,60
1837,1761,3,60
1837,1430,6,120
1837,1426,8,180
1837,1847,6,220
1837,1720,1,20
1837,1578,1,20
1837,1533,15,480
1837,1532,25,820
1837,1475,1,20
1837,1458,1,20
1837,1539,15,620
1837,1502,6,140
1437,1847,1,20
1437,1895,1,40
1437,1465,5,140
1437,1427,15,380
1437,1503,9,220
1437,1429,34,1000
1437,1428,3,80
1437,1819,1,20
1437,1502,3,60
1437,1471,6,140
1437,1441,1,20
1437,1824,19,720
1437,1757,1,20
1437,1443,6,140
143,715,631,499,300
1437,1567,3,60
1437,1916,1,20
1437,1815,6,140
1437,1431,25,600
1437,1475,3,60
1437,1477,4,80
1437,1434,2,40
1437,1889,1,20
1437,1501,7,180
1437,1912,1,20
1437,1439,9,260
1437,1457,19,600
1437,1802,1,20
1437,1684,1,20
1437,1430,3,80
1437,1594,1,20
1437,1435,3,60
1437,1426,14,320
1437,1723,1,20
1437,1585,29,740
1437,1578,5,100
1437,1533,4,80
1437,1451,2,100
1437,1452,1,20
1437,1763,1,20
1437,1459,1,20
1437,1539,5,100
1437,1453,30,920
1434,1532,17,1020
1434,1475,23,1660
1434,1847,1,20
1434,1909,1,20
1434,1895,7,340
1434,1439,2,100
1434,1763,2,40
1434,1815,3,60
1434,1766,4,80
1434,1688,2,40
1434,1427,8,260
1434,1429,7,140
1434,1730,3,60
1434,1502,1,20
1434,1500,1,20
1434,1471,4,80
1434,1443,28,1080
1434,1441,2,40
1434,1824,3,60
1434,1757,1,20
1434,1519,19,500
1434,1563,5,100
1434,1753,1,20
1434,1477,1,20
1434,1861,1,20
1434,1465,1,20
1434,1889,1,20
1434,1592,2,40
1434,1885,48,2480
1434,1912,1,20
1434,1501,3,200
1434,1880,1,20
1434,1802,1,20
1434,1430,4,80
1434,1431,31,760
1434,1528,1,20
1434,1457,5,120
1434,1426,3,60
1434,1911,1,20
1434,1585,5,120
1434,1768,1,20
1434,1578,6,120
1434,1533,23,880
1434,1451,2,60
1434,1435,2,40
1434,1835,1,20
1434,1572,7,140
1434,1511,1,20
1434,1459,4,80
1434,1539,4,100
1435,1427,1,20
1435,1426,7,140
1435,1429,2,40
1435,1428,1,60
1435,1585,6,140
1435,1502,1,20
1435,1503,1,20
1435,1471,23,860
1435,1443,2,40
1435,1465,1,20
1435,1562,1,20
1435,1563,3,60
1435,1458,5,160
1435,1441,1,20
1435,1592,12,300
1435,1430,7,140
1435,1431,4,80
1435,1824,14,320
1435,1439,6,160
1435,1578,50,1820
1435,1477,4,120
1435,1452,3,60
1435,1475,6,140
1435,1572,1,20
1435,1511,2,40
1435,1459,1,40
1435,1574,1,20
1641,1648,1,20
1641,1907,2,40
1641,1906,1,60
1641,1895,1,20
1641,1902,3,120
1641,1617,97,4300
1641,1852,7,180
1641,1757,1,20
1641,1919,17,440
1641,1911,2,40
1641,1917,1,20
1641,1916,4,80
1641,1625,5,120
1641,1801,1,20
1641,1613,1,20
1641,1603,24,1100
1641,1604,1,20
1641,1727,2,40
1643,1609,2,60
1643,1603,19,500
1643,1616,1,20
1643,1617,1,20
1643,1852,9,200
1643,1628,13,540
1643,1913,4,80
1643,1613,2,40
1643,1604,9,280
1643,1919,2,40
1643,1648,37,1080
1643,1727,1,40
1643,1911,2,120
1643,1907,2,40
1643,1606,3,60
1431,1625,1,20
1431,1761,1,20
1431,1471,13,260
1431,1909,1,20
1431,1895,3,60
1431,1503,1,20
1431,1815,2,40
1431,1477,2,40
1431,1427,30,760
1431,1835,10,600
1431,1429,36,1120
1431,1730,1,20
1431,1819,1,40
1431,1585,1,20
1431,1502,1,20
1431,1457,16,480
1431,1443,9,320
1431,1563,24,580
1431,1428,2,40
1431,1475,5,120
1431,1465,31,880
1431,1743,1,20
1431,1592,6,120
1431,1501,1,20
1431,1885,3,80
1431,1684,1,20
1431,1916,3,60
1431,1802,2,40
1431,1430,9,300
1431,1458,1,20
1431,1824,7,420
1431,1426,4,80
1431,1722,1,20
1431,1439,21,620
1431,1768,1,20
1431,1578,15,360
1431,1533,5,160
1431,1532,2,40
1431,1452,3,60
1431,1572,2,40
1431,1574,1,20
1431,1511,1,20
1431,1459,2,40
1431,1539,2,40
1431,1453,20,900
1843,1722,3,60
1843,1564,1,40
1843,1723,9,180
1843,1649,2,40
1843,1909,2,80
1843,1720,10,920
1843,1606,1,20
1843,1731,14,620
1843,1737,6,160
1843,1880,1,20
1843,1461,1,20
1843,1752,1,20
1843,1751,2,40
1843,1567,1,20
1843,1738,4,120
1843,1594,2,40
1843,1859,14,440
1843,1885,1,20
1843,1912,4,100
1843,1746,7,180
1843,1916,1,20
1843,1805,1,20
1843,1741,11,240
1843,1801,13,320
1843,1809,9,180
1843,1748,3,80
1843,1477,1,20
1843,1763,1,20
1843,1516,1,20
1843,1766,1,20
1843,1764,1,20
1727,1475,1,20
1727,1483,1,20
1727,1572,2,40
1727,1909,1,20
1727,1885,1,20
1727,1819,2,40
1727,1731,44,1780
1727,1617,1,20
1727,1735,12,320
1727,1737,1,20
1727,1801,1,20
1727,1562,9,320
1727,1685,12,340
1727,1567,49,1820
1727,1859,1,20
1727,1594,5,100
1727,1888,1,20
1727,1913,1,20
1727,1880,2,40
1727,1802,1,20
1727,1681,1,20
1727,1604,1,20
1727,1768,1,20
1727,1457,1,20
1727,1748,1,20
1727,1574,41,1700
1727,1746,1,20
1727,1761,1,20
1727,1766,1,20
1727,1580,3,80
1727,1570,5,100
1835,1807,12,340
1835,1847,19,560
1835,1866,2,40
1835,1895,14,440
1835,1890,1,20
1835,1892,9,200
1835,1730,1,20
1835,1818,4,120
1835,1819,2,40
1835,1503,3,60
1835,1500,1,20
1835,1457,2,100
1835,1815,3,100
1835,1632,34,1080
1835,1865,3,80
1835,1889,1,20
1835,1888,1,20
1835,1911,1,20
1835,1885,1,20
1835,1880,1,20
1835,1803,13,280
1835,1802,7,260
1835,1720,2,40
1835,1471,2,40
1835,1533,1,20
1835,1453,1,40
1835,1539,1,20
1722,1532,1,20
1722,1625,2,40
1722,1815,1,20
1722,1809,3,60
1722,1909,23,800
1722,1628,15,600
1722,1890,1,20
1722,1746,8,200
1722,1902,16,540
1722,1732,1,20
1722,1819,1,20
1722,1723,3,80
1722,1767,1,20
1722,1757,2,40
1722,1562,1,20
1722,1752,1,20
1722,1572,1,40
1722,1477,1,20
1722,1684,1,20
1722,1889,1,20
1722,1688,4,80
1722,1911,3,60
1722,1859,6,120
1722,1912,1,20
1722,1738,21,1620
1722,1567,3,60
1722,1801,2,60
1722,1847,1,20
1722,1720,16,620
1722,1604,1,20
1722,1748,1,20
1722,1730,1,20
1722,1574,3,60
1722,1763,3,60
1722,1761,2,60
1722,1458,1,20
1722,1570,1,20
1723,1628,2,80
1723,1847,1,40
1723,1613,5,100
1723,1911,3,100
1723,1909,2,40
1723,1890,1,20
1723,1429,1,20
1723,1735,1,20
1723,1737,1,20
1723,1563,1,20
1723,1741,5,100
1723,1738,1,20
1723,1594,5,140
1723,1763,5,180
1723,1902,1,20
1723,1859,1,20
1723,1580,11,260
1723,1916,7,180
1723,1801,6,140
1723,1809,54,2380
1723,1748,3,80
1723,1617,1,20
1723,1746,4,100
1723,1567,4,280
1723,1764,4,100
1723,1743,4,180
1720,1628,3,80
1720,1889,5,180
1720,1909,36,1260
1720,1890,1,60
1720,1743,2,40
1720,1632,1,40
1720,1732,1,20
1720,1737,11,400
1720,1757,3,60
1720,1685,8,200
1720,1562,5,160
1720,1752,1,20
1720,1859,4,120
1720,1738,4,120
1720,1767,1,20
1720,1902,1,20
1720,1763,4,100
1720,1911,6,120
1720,1580,1,20
1720,1916,2,40
1720,1625,1,20
1720,1801,15,580
1720,1604,1,40
1720,1809,1,20
1720,1748,8,220
1720,1746,5,140
1720,1761,30,860
1720,1766,3,60
1720,1765,2,40
1439,1628,3,140
1439,1457,1,20
1439,1592,2,40
1439,1761,1,20
1439,1427,6,160
1439,1429,24,680
1439,1730,2,40
1439,1502,1,20
1439,1471,14,360
1439,1443,13,300
1439,1458,1,20
1439,1824,1,40
1439,1567,6,140
1439,1563,5,100
1439,1528,2,40
1439,1428,5,100
1439,1477,4,100
1439,1465,3,60
1439,1866,11,440
1439,1516,1,20
1439,1802,1,20
1439,1430,2,60
1439,1426,10,240
1439,1847,11,260
1439,1767,1,20
1439,1585,21,520
1439,1578,12,240
1439,1533,1,20
1439,1532,2,40
1439,1452,1,20
1439,1475,5,120
1439,1572,1,20
1439,1479,3,60
1439,1511,2,40
1439,1459,6,140
1731,1564,1,20
1731,1909,1,20
1731,1429,1,20
1731,1735,7,180
1731,1757,1,20
1731,1562,3,80
1731,1461,1,20
1731,1885,1,20
1731,1746,1,20
1731,1685,10,240
1731,1451,1,20
1731,1574,3,60
1731,1572,2,40
1731,1567,7,160
1731,1580,10,280
1731,1594,25,860
1731,1570,1,80
1533,1426,8,180
1533,1532,41,1260
1533,1443,4,140
1533,1743,9,320
1533,1539,25,680
1533,1895,2,60
1533,1890,2,40
1533,1503,17,640
1533,1688,2,40
1533,1618,7,160
1533,1429,2,40
1533,1732,1,20
1533,1500,12,360
1533,1471,1,20
1533,1538,13,440
1533,1563,2,40
1533,1528,19,480
1533,1428,1,20
1533,1504,28,840
1533,1815,22,600
1533,1457,1,20
1533,1730,9,180
1533,1861,3,60
1533,1889,1,20
1533,1866,1,40
1533,1501,2,40
1533,1885,27,1040
1533,1912,5,100
1533,1477,1,20
1533,1802,2,160
1533,1897,2,60
1533,1628,1,20
1533,1585,2,60
1533,1578,3,60
1533,1519,37,1100
1533,1453,1,20
1533,1761,2,40
1533,1459,4,120
1533,1764,4,120
1533,1502,1,20
1532,1502,3,60
1532,1443,1,20
1532,1761,1,20
1532,1895,4,260
1532,1503,8,180
1532,1802,5,140
1532,1618,9,220
1532,1426,1,40
1532,1500,17,380
1532,1501,4,120
1532,1504,7,160
1532,1767,1,20
1532,1916,1,20
1532,1461,1,20
1532,1567,1,20
1532,1528,13,340
1532,1452,1,20
1532,1815,10,300
1532,1475,1,20
1532,1861,1,20
1532,1889,1,40
1532,1866,4,100
1532,1885,21,900
1532,1516,1,20
1532,1847,2,60
1532,1628,4,100
1532,1585,1,20
1532,1457,1,20
1532,1519,2,40
1532,1730,3,60
1532,1763,2,40
1532,1538,19,1240
1532,1459,1,20
1532,1539,1,40
1532,1765,1,20
1730,1847,3,80
1730,1866,2,40
1730,1895,1,20
1730,1890,1,20
1730,1503,25,660
1730,1815,85,3060
1730,1688,3,60
1730,1618,8,220
1730,1429,3,60
1730,1428,1,20
1730,1500,7,140
1730,1696,1,20
1730,1757,1,20
1730,1528,10,300
1730,1567,8,200
1730,1763,9,220
1730,1504,7,180
1730,1861,1,20
1730,1519,3,60
1730,1501,1,20
1730,1802,1,20
1730,1457,8,240
1730,1625,1,20
1730,1578,2,40
1730,1452,1,20
1730,1572,2,40
1730,1539,2,80
1730,1538,4,80
1458,1426,1,20
1458,1483,4,80
1458,1909,1,20
1458,1453,2,40
1458,1427,3,60
1458,1637,33,1340
1458,1429,1,20
1458,1767,1,20
1458,1819,2,40
1458,1585,2,40
1458,1502,9,200
1458,1592,5,120
1458,1501,9,240
1458,1465,1,40
1458,1461,34,880
1458,1752,1,20
1458,1751,2,40
1458,1741,1,20
1458,1738,1,20
1458,1477,30,1040
1458,1888,2,40
1458,1859,1,20
1458,1516,20,660
1458,1805,1,20
1458,1801,1,20
1458,1430,1,20
1458,1601,1,20
1458,1457,7,240
1458,1809,2,40
1458,1578,7,140
1458,1451,3,60
1458,1452,17,660
1458,1479,12,280
1458,1511,3,60
1458,1459,13,480
1539,1847,4,80
1539,1895,5,180
1539,1503,63,2260
1539,1618,5,140
1539,1500,20,840
1539,1443,1,20
1539,1504,8,180
1539,1563,2,60
1539,1528,9,180
1539,1567,6,120
1539,1815,71,2400
1539,1519,4,80
1539,1885,1,20
1539,1802,5,100
1539,1763,1,60
1539,1516,1,20
1539,1767,3,60
1539,1538,9,260
1538,1519,2,40
1538,1815,22,540
1538,1618,11,360
1538,1503,9,300
1538,1500,7,160
1538,1504,7,160
1538,1528,12,260
1570,1909,1,20
1570,1907,1,20
1570,1738,1,20
1570,1580,6,120
1570,1735,14,900
1570,1501,1,20
1570,1685,9,220
1570,1562,5,160
1570,1564,13,440
1570,1751,1,20
1570,1567,4,160
1570,1594,4,80
1570,1911,1,20
1570,1916,2,40
1570,1809,1,20
1570,1748,3,100
1570,1572,10,440
1570,1746,1,20
1570,1516,1,20
1570,1574,4,100
1877,1732,1,20
1877,1872,13,280
1877,1890,60,3000
1877,1858,1,20
1877,1739,2,60
1877,1861,4,80
1877,1863,1,20
1877,1889,1,20
1877,1887,1,40
1877,1883,6,120
1877,1682,2,100
1877,1685,1,40
1877,1687,2,60
1877,1898,3,80
1877,1743,5,120
1872,1898,6,180
1872,1897,1,20
1872,1890,15,440
1872,1564,1,20
1872,1739,29,2500
1872,1858,6,180
1872,1684,1,20
1872,1861,2,60
1872,1889,10,480
1872,1887,4,120
1872,1912,1,40
1872,1883,1,20
1872,1572,1,20
1872,1567,1,40
1872,1743,6,140
1908,1648,1,20
1908,1890,1,20
1908,1739,1,20
1908,1696,7,140
1908,1503,1,20
1908,1863,1,20
1908,1688,18,460
1908,1887,1,20
1908,1912,24,700
1908,1681,32,1220
1908,1680,65,1620
1908,1682,2,40
1908,1684,9,240
1908,1687,3,60
1908,1745,15,340
1908,1765,67,2320
1909,1628,25,1140
1909,1625,3,60
1909,1604,1,20
1909,1648,2,40
1909,1809,3,60
1909,1895,1,20
1909,1902,19,800
1909,1852,2,160
1909,1732,1,20
1909,1766,1,20
1909,1737,72,2200
1909,1767,1,20
1909,1752,2,40
1909,1572,1,20
1909,1741,4,80
1909,1738,26,860
1909,1574,1,20
1909,1688,1,20
1909,1889,1,20
1909,1911,4,80
1909,1859,3,60
1909,1885,1,20
1909,1501,1,20
1909,1746,13,320
1909,1916,1,20
1909,1802,1,20
1909,1801,5,120
1909,1748,2,40
1909,1684,1,20
1909,1760,1,20
1909,1763,6,220
1909,1761,3,60
1909,1743,1,20
1906,1890,1,20
1906,1907,2,80
1906,1606,66,3460
1906,1902,6,140
1906,1616,13,480
1906,1617,10,340
1906,1852,1,20
1906,1613,4,80
1906,1609,15,480
1906,1738,1,40
1906,1911,1,20
1906,1917,15,580
1906,1916,5,180
1906,1625,1,40
1906,1603,4,100
1906,1628,4,80
1906,1649,23,800
1906,1604,1,20
1906,1768,1,20
1906,1748,1,20
1906,1760,1,20
1907,1648,13,820
1907,1895,1,20
1907,1902,1,20
1907,1616,2,40
1907,1617,1,20
1907,1852,7,160
1907,1613,31,920
1907,1737,1,20
1907,1919,4,160
1907,1594,1,40
1907,1911,6,120
1907,1913,3,60
1907,1917,4,80
1907,1916,1,20
1907,1609,2,40
1907,1625,3,80
1907,1603,2,60
1907,1628,6,120
1907,1768,1,20
1907,1604,1,20
1902,1628,27,1060
1902,1649,8,220
1902,1648,1,20
1902,1606,9,380
1902,1890,3,60
1902,1892,1,20
1902,1616,1,20
1902,1732,2,40
1902,1613,23,740
1902,1757,1,20
1902,1880,1,20
1902,1632,1,20
1902,1861,3,60
1902,1688,4,80
1902,1889,1,20
1902,1572,1,20
1902,1911,11,300
1902,1916,8,200
1902,1609,3,60
1902,1919,4,100
1902,1625,88,2520
1902,1603,2,40
1902,1617,3,60
1902,1763,2,40
1902,1604,5,120
1902,1766,2,40
1902,1852,18,460
1902,1764,1,20
1902,1765,2,40
1682,1890,1,20
1682,1696,3,60
1682,1739,1,20
1682,1684,8,220
1682,1688,6,140
1682,1745,4,80
1682,1887,1,20
1682,1912,2,60
1682,1567,1,20
1682,1681,10,560
1682,1680,1,20
1682,1687,89,5520
1682,1765,4,80
1739,1898,1,20
1739,1897,3,80
1739,1890,4,120
1739,1858,9,300
1739,1861,2,40
1739,1889,1,20
1739,1681,3,120
1739,1684,1,20
1739,1743,9,260
1738,1809,3,80
1738,1616,1,20
1738,1737,27,680
1738,1685,4,120
1738,1562,2,40
1738,1741,2,40
1738,1594,1,20
1738,1859,2,40
1738,1761,1,20
1738,1801,3,100
1738,1768,2,40
1738,1748,3,60
1738,1477,1,20
1738,1746,1,20
1738,1574,2,40
1632,1866,7,220
1632,1895,6,140
1632,1892,2,40
1632,1818,11,360
1632,1819,10,240
1632,1757,2,40
1632,1685,1,60
1632,1752,1,20
1632,1865,2,40
1632,1888,5,100
1632,1859,2,60
1632,1885,3,60
1632,1880,5,160
1632,1807,7,240
1632,1805,4,80
1632,1803,7,160
1632,1802,2,40
1632,1625,1,20
1632,1601,1,20
1632,1613,1,20
1632,1847,43,1220
1632,1606,2,40
1632,1768,1,40
1632,1748,1,40
1632,1477,1,20
1632,1475,1,20
1632,1741,1,20
1427,1426,10,320
1427,1429,38,1420
1427,1585,4,80
1427,1502,3,100
1427,1578,10,240
1427,1443,8,200
1427,1563,14,300
1427,1461,1,20
1427,1441,5,100
1427,1453,2,40
1427,1592,6,140
1427,1430,3,80
1427,1824,10,240
1427,1457,7,200
1427,1471,7,140
1427,1477,3,60
1427,1452,1,20
1427,1475,9,220
1427,1511,1,20
1637,1516,4,80
1637,1483,1,20
1637,1451,16,680
1637,1457,2,60
1637,1502,2,40
1637,1501,21,800
1637,1479,2,60
1637,1461,4,100
1637,1459,2,40
1637,1751,4,100
1429,1895,1,20
1429,1585,4,100
1429,1815,2,40
1429,1426,42,1400
1429,1819,1,20
1429,1502,6,180
1429,1503,1,20
1429,1443,9,300
1429,1757,2,40
1429,1563,18,420
1429,1428,3,60
1429,1567,1,20
1429,1441,1,20
1429,1471,13,280
1429,1453,24,800
1429,1465,22,520
1429,1592,4,100
1429,1916,1,20
1429,1430,7,180
1429,1824,4,80
1429,1457,29,1120
1429,1578,11,240
1429,1477,2,40
1429,1452,2,40
1429,1475,8,160
1429,1572,1,20
1429,1761,1,20
1429,1511,2,40
1429,1764,1,20
1428,1628,1,20
1428,1847,3,80
1428,1761,3,60
1428,1453,1,20
1428,1585,16,420
1428,1502,1,20
1428,1500,7,140
1428,1471,11,380
1428,1824,1,20
1428,1443,1,40
1428,1563,9,220
1428,1461,1,20
1428,1475,2,60
1428,1477,12,340
1428,1592,3,60
1428,1516,1,20
1428,1802,4,100
1428,1430,4,80
1428,1528,2,40
1428,1426,23,640
1428,1578,14,400
1428,1451,3,80
1428,1452,7,160
1428,1567,2,40
1428,1459,2,60
1580,1885,1,20
1580,1735,4,100
1580,1819,1,20
1580,1564,17,380
1580,1567,8,280
1580,1594,8,180
1580,1865,1,20
1580,1859,1,20
1580,1913,1,20
1580,1801,1,20
1580,1847,1,20
1580,1685,77,3760
1580,1572,25,1080
1580,1574,2,60
1732,1890,13,420
1732,1766,13,320
1732,1898,2,60
1732,1897,17,540
1732,1696,1,20
1732,1752,3,60
1732,1684,9,260
1732,1861,2,40
1732,1863,3,80
1732,1889,47,1560
1732,1887,9,240
1732,1912,2,40
1732,1883,6,160
1732,1916,1,20
1732,1625,4,100
1732,1613,6,140
1732,1628,1,20
1732,1911,7,140
1732,1768,1,20
1732,1457,2,40
1732,1743,1,20
1735,1819,1,20
1735,1895,1,20
1735,1613,3,80
1735,1737,1,60
1735,1685,3,60
1735,1562,1,20
1735,1564,8,160
1735,1567,17,600
1735,1594,1,60
1735,1866,1,20
1735,1916,1,40
1735,1801,1,20
1735,1628,1,20
1735,1748,5,160
1735,1880,1,20
1735,1572,3,60
1735,1746,5,120
1735,1574,4,100
1737,1567,5,100
1737,1859,5,100
1737,1741,4,100
1737,1801,3,60
1737,1625,1,20
1737,1809,1,20
1737,1748,1,20
1737,1763,1,20
1737,1746,4,100
1737,1574,2,40
1585,1592,1,20
1585,1761,1,20
1585,1483,2,40
1585,1426,27,840
1585,1500,4,100
1585,1471,13,420
1585,1824,9,320
1585,1465,2,40
1585,1443,2,40
1585,1563,6,140
1585,1528,3,60
1585,1685,1,20
1585,1567,1,20
1585,1815,1,20
1585,1475,3,60
1585,1477,3,60
1585,1866,1,20
1585,1516,4,100
1585,1802,2,40
1585,1430,6,120
1585,1457,1,20
1585,1847,1,20
1585,1578,8,220
1585,1452,2,40
1585,1479,1,20
1585,1511,1,20
1585,1459,2,40
1502,1426,4,80
1502,1625,1,20
1502,1761,1,20
1502,1453,10,280
1502,1890,1,60
1502,1477,19,540
1502,1696,1,20
1502,1471,1,20
1502,1441,1,20
1502,1516,4,80
1502,1443,22,1000
1502,1563,2,40
1502,1461,4,100
1502,1751,1,20
1502,1475,1,20
1502,1861,1,20
1502,1866,1,20
1502,1567,2,60
1502,1501,43,2900
1502,1430,1,20
1502,1457,14,480
1502,1578,4,100
1502,1451,7,160
1502,1452,9,280
1502,1479,4,80
1502,1511,2,40
1502,1459,5,100
1503,1847,2,100
1503,1895,1,40
1503,1802,2,40
150,318,151,025,020
1503,1618,4,80
1503,1500,16,540
1503,1457,3,60
1503,1563,22,840
1503,1528,34,960
1503,1567,7,220
1503,1504,6,140
1503,1477,1,20
1503,1501,1,20
1503,1916,1,20
1503,1824,1,20
1503,1767,1,20
1503,1681,2,40
1503,1578,1,20
1503,1452,1,20
1503,1763,1,40
1503,1746,1,20
1503,1766,1,20
1503,1459,1,20
1500,1519,5,140
1500,1443,2,40
1500,1483,2,40
1500,1890,1,20
1500,1802,27,720
1500,1815,11,220
1500,1618,7,220
1500,1767,2,40
1500,1430,2,40
1500,1501,2,40
1500,1528,42,1160
1500,1504,7,200
1500,1475,1,20
1500,1866,6,120
1500,1916,1,20
1500,1761,3,60
1500,1426,3,60
1500,1847,8,240
1500,1457,2,40
1500,1572,1,20
1500,1760,1,20
1500,1516,1,40
1500,1511,1,20
1500,1459,2,40
1501,1761,1,20
1501,1483,1,20
1501,1895,2,40
1501,1453,5,160
1501,1457,5,220
1501,1443,4,100
1501,1562,1,20
1501,1563,3,60
1501,1461,32,1380
1501,1751,9,260
1501,1504,1,20
1501,1475,4,80
1501,1477,18,660
1501,1861,2,40
1501,1889,1,20
1501,1592,1,20
1501,1885,4,140
1501,1516,3,60
1501,1802,5,180
1501,1426,3,80
1501,1847,1,20
1501,1578,7,160
1501,1451,26,1440
1501,1452,2,40
1501,1479,4,120
1501,1511,1,20
1501,1459,4,80
1504,1519,51,1600
1504,1815,16,540
1504,1618,4,80
1504,1578,1,20
1504,1441,1,20
1504,1528,13,300
1504,1477,1,20
1504,1471,1,20
1504,1475,1,20
1504,1511,2,40
1504,1459,1,20
1767,1628,2,40
1767,1649,1,20
1767,1766,11,420
1767,1890,2,40
1767,1757,2,40
1767,1753,4,100
1767,1752,10,320
1767,1613,35,1520
1767,1764,6,140
1767,1861,1,20
1767,1888,1,20
1767,1911,5,100
1767,1684,1,20
1767,1746,1,20
1767,1916,29,1060
1767,1572,1,20
1767,1802,1,20
1767,1625,1,20
1767,1768,3,60
1767,1457,1,20
1767,1761,10,260
1767,1765,1,20
1609,1616,13,340
1609,1617,2,40
1609,1852,2,100
1609,1628,1,20
1609,1649,1,20
1609,1604,1,20
1609,1919,1,20
1609,1911,5,100
1609,1913,1,20
1609,1574,1,20
1609,1917,46,1520
1609,1916,1,20
1572,1895,2,40
1572,1613,2,40
1572,1696,1,20
1572,1457,1,20
1572,1443,2,40
1572,1757,1,20
1572,1685,11,420
1572,1564,2,40
1572,1567,3,60
1572,1528,2,40
1572,1453,1,40
1572,1889,2,40
1572,1763,2,40
1572,1885,11,420
1572,1684,1,20
1572,1802,1,20
1572,1847,2,40
1572,1866,4,140
1572,1563,5,100
1572,1681,1,20
1572,1578,1,20
1572,1519,1,20
1572,1477,1,20
1572,1880,1,20
1572,1574,2,80
1572,1761,2,40
1572,1594,7,180
1613,1628,88,4040
1613,1818,2,40
1613,1890,5,120
1613,1567,1,20
1613,1616,5,120
1613,1648,7,140
1613,1443,1,20
1613,1606,6,120
1613,1757,2,40
1613,1752,8,160
1613,1807,1,20
1613,1861,1,20
1613,1688,1,20
1613,1889,1,20
1613,1866,1,20
1613,1911,20,560
1613,1913,10,320
1613,1912,1,40
1613,1917,1,20
1613,1916,52,1520
1613,1919,1,20
1613,1625,7,160
1613,1603,3,60
1613,1649,11,420
1613,1748,3,120
1613,1452,1,20
1613,1617,2,40
1613,1604,2,60
1613,1766,2,40
1613,1852,8,300
1613,1743,1,20
1805,1888,2,60
1805,1895,4,100
1805,1892,7,180
1805,1818,6,120
1805,1819,29,720
1805,1865,5,100
1805,1866,3,80
1805,1885,1,20
1805,1880,21,460
1805,1803,2,40
1805,1802,9,200
1805,1847,5,100
1805,1741,2,40
1805,1601,8,200
1805,1763,1,20
1805,1761,1,20
1805,1459,1,20
1861,1890,12,340
1861,1648,42,2660
1861,1898,4,80
1861,1519,1,40
1861,1858,2,80
1861,1863,1,20
1861,1889,67,4280
1861,1887,9,200
1861,1912,1,20
1861,1883,1,20
1861,1743,23,880
1861,1625,30,1480
1861,1897,12,380
1861,1604,2,40
1861,1911,17,420
1861,1452,1,20
1861,1761,1,20
1861,1766,2,40
1861,1765,1,20
1465,1866,1,20
1465,1426,3,80
1465,1578,2,40
1465,1443,2,60
1465,1441,1,20
1465,1563,6,120
1465,1592,2,40
1465,1430,1,20
1465,1457,1,20
1465,1471,3,60
1465,1477,1,20
1465,1475,1,20
1465,1511,1,20
1465,1459,1,20
1863,1889,2,40
1863,1680,1,20
1863,1883,29,1640
1863,1890,1,20
1863,1887,6,180
1863,1743,9,300
1865,1888,15,340
1865,1895,11,280
1865,1892,8,180
1865,1818,8,220
1865,1819,36,940
1865,1564,1,40
1865,1866,9,340
1865,1885,1,20
1865,1880,24,720
1865,1807,2,40
1865,1803,3,60
1865,1802,5,120
1865,1601,4,100
1865,1628,1,20
1865,1847,3,80
1865,1459,1,20
1592,1426,5,120
1592,1578,16,380
1592,1443,2,40
1592,1563,3,60
1592,1441,4,80
1592,1477,3,60
1592,1912,1,20
1592,1824,3,140
1592,1681,1,20
1592,1471,22,560
1592,1451,9,380
1592,1452,10,380
1592,1475,11,320
1592,1745,1,20
1592,1511,3,60
1592,1459,3,60
1911,1890,5,160
1911,1628,14,460
1911,1649,4,100
1911,1606,2,40
1911,1616,4,120
1911,1819,1,20
1911,1696,24,1300
1911,1648,2,40
1911,1858,1,20
1911,1753,1,20
1911,1752,2,40
1911,1684,2,60
1911,1688,2,40
1911,1889,4,80
1911,1745,1,20
1911,1913,3,80
1911,1912,2,40
1911,1883,1,20
1911,1917,5,120
1911,1916,29,840
1911,1919,4,100
1911,1625,34,1080
1911,1603,1,20
1911,1604,1,120
1911,1768,1,20
1911,1457,1,20
1911,1617,18,420
1911,1761,25,1080
1911,1766,2,40
1911,1852,3,100
1911,1765,3,80
1913,1892,1,20
1913,1741,1,20
1913,1616,2,40
1913,1617,2,40
1913,1757,1,40
1913,1752,1,20
1913,1687,1,20
1913,1919,14,400
1913,1885,1,20
1913,1917,1,20
1913,1916,1,20
1913,1761,1,20
1913,1625,5,120
1913,1603,2,60
1913,1649,1,20
1913,1648,1,20
1913,1809,2,60
1913,1606,4,100
1913,1880,1,20
1913,1763,1,20
1913,1604,2,40
1913,1852,3,100
1913,1764,1,20
1913,1574,1,20
1912,1628,2,40
1912,1761,4,100
1912,1887,1,20
1912,1898,1,40
1912,1890,3,140
1912,1859,1,40
1912,1766,2,40
1912,1745,19,480
1912,1471,1,20
1912,1757,4,100
1912,1752,5,120
1912,1680,17,440
1912,1688,17,460
1912,1743,4,120
1912,1684,10,200
1912,1916,1,20
1912,1567,1,20
1912,1648,2,40
1912,1681,59,2160
1912,1578,1,20
1912,1764,9,300
1912,1687,2,40
1912,1765,25,640
1917,1859,1,20
1917,1617,3,60
1917,1603,2,60
1917,1649,1,20
1917,1919,4,140
1917,1616,5,180
1917,1748,1,20
1917,1895,1,40
1917,1852,4,100
1917,1916,3,60
1916,1890,4,80
1916,1625,7,200
1916,1604,2,40
1916,1567,1,20
1916,1606,1,20
1916,1688,1,20
1916,1696,1,40
1916,1648,1,20
1916,1528,2,60
1916,1752,4,80
1916,1859,2,40
1916,1684,2,40
1916,1919,21,620
1916,1594,1,20
1916,1616,1,20
1916,1889,3,60
1916,1745,1,20
1916,1883,1,20
1916,1866,1,20
1916,1617,6,120
1916,1628,21,680
1916,1649,11,260
1916,1768,1,20
1916,1457,1,20
1916,1748,1,20
1916,1761,1,20
1916,1766,1,20
1916,1852,10,280
1916,1764,1,20
1483,1443,1,20
1483,1562,1,20
1483,1461,2,60
1483,1751,1,20
1483,1477,1,20
1483,1479,8,200
1483,1430,2,40
1483,1426,1,20
1483,1451,2,40
1483,1452,1,20
1483,1453,1,20
1483,1516,6,140
1483,1511,1,20
1483,1459,9,200
1684,1426,1,20
1684,1761,1,20
1684,1766,13,320
1684,1764,1,20
1684,1890,16,560
1684,1815,1,20
1684,1567,2,40
1684,1696,7,220
1684,1757,2,60
1684,1752,16,400
1684,1858,1,20
1684,1688,31,1000
1684,1889,1,20
1684,1745,25,540
1684,1625,1,20
1684,1628,3,120
1684,1604,1,20
1684,1681,2,80
1684,1680,2,80
1684,1768,1,20
1684,1471,1,20
1684,1477,1,20
1684,1687,3,60
1684,1765,16,420
1430,1426,14,380
1430,1471,3,80
1430,1824,14,500
1430,1443,8,180
1430,1563,2,40
1430,1461,1,20
1430,1477,1,20
1430,1453,1,20
1430,1528,3,60
1430,1578,2,40
1430,1451,1,20
1430,1475,3,140
1430,1516,1,20
1625,1890,2,40
1625,1761,3,60
1625,1809,3,80
1625,1606,9,200
1625,1885,1,20
1625,1696,3,100
1625,1688,1,20
1625,1819,1,20
1625,1757,1,20
1625,1852,12,340
1625,1880,1,20
1625,1741,1,20
1625,1649,12,240
1625,1743,2,40
1625,1763,2,60
1625,1889,16,480
1625,1888,1,20
1625,1919,13,360
1625,1603,2,40
1625,1628,45,2060
1625,1648,17,620
1625,1617,2,60
1625,1604,3,80
1625,1764,1,20
1625,1453,1,20
1461,1453,10,380
1461,1801,1,20
1461,1751,22,1540
1461,1451,5,120
1461,1477,3,60
1461,1516,33,1820
1461,1618,1,20
1461,1457,1,20
1461,1452,2,60
1461,1479,7,220
1628,1649,3,60
1628,1890,14,480
1628,1648,1,20
1628,1809,1,20
1628,1748,1,60
1628,1743,1,40
1628,1606,4,160
1628,1757,3,60
1628,1880,1,20
1628,1528,2,40
1628,1752,5,100
1628,1889,2,40
1628,1885,2,40
1628,1760,1,20
1628,1426,2,40
1628,1761,2,40
1628,1617,1,20
1628,1688,1,20
1628,1604,4,100
1628,1852,11,260
1628,1765,4,100
1457,1426,1,20
1457,1475,1,20
1457,1866,1,20
1457,1895,2,40
1457,1890,2,40
1457,1815,3,100
1457,1819,1,20
1457,1471,6,120
1457,1441,1,20
1457,1563,18,740
1457,1752,2,40
1457,1751,1,20
1457,1443,4,100
1457,1477,15,300
1457,1889,1,20
1457,1885,2,40
1457,1516,3,60
1457,1453,70,2700
1457,1578,4,140
1457,1451,6,140
1457,1452,17,420
1457,1763,1,20
1457,1479,2,60
1457,1511,2,40
1457,1459,4,80
1748,1649,1,20
1748,1809,18,540
1748,1741,2,40
1748,1819,1,20
1748,1562,5,100
1748,1567,1,20
1748,1594,1,40
1748,1859,15,380
1748,1801,8,200
1748,1685,4,120
1748,1763,2,40
1748,1746,6,120
1748,1516,1,20
1451,1426,1,20
1451,1443,1,20
1451,1562,1,20
1451,1563,7,200
1451,1751,2,40
1451,1594,1,20
1451,1574,1,20
1451,1824,1,20
1451,1471,1,20
1451,1477,5,120
1451,1452,14,320
1451,1453,3,80
1451,1516,1,20
1451,1459,4,140
1451,1479,1,20
1452,1426,7,160
1452,1761,1,20
1452,1453,6,120
1452,1471,25,720
1452,1443,3,60
1452,1563,1,20
1452,1751,2,40
1452,1441,2,40
1452,1477,52,2240
1452,1824,2,60
1452,1516,2,60
1452,1528,1,20
1452,1648,1,20
1452,1578,35,1040
1452,1479,4,80
1452,1511,5,120
1452,1459,18,520
1453,1471,2,40
1453,1757,1,20
1453,1443,2,60
1453,1563,8,180
1453,1751,4,80
1453,1477,3,80
1453,1885,1,20
1453,1516,9,260
1453,1528,1,20
1453,1578,1,40
1453,1479,4,80
1453,1511,1,20
1453,1459,5,220
1574,1426,1,20
1574,1617,1,20
1574,1562,33,960
1574,1564,11,960
1574,1751,1,20
1574,1567,46,1800
1574,1741,1,20
1574,1681,1,20
1574,1594,2,40
1574,1859,2,140
1574,1809,1,20
1574,1685,25,780
1745,1887,1,20
1745,1753,2,40
1745,1696,3,60
1745,1824,1,20
1745,1764,1,20
1745,1688,53,1380
1745,1681,11,240
1745,1680,21,460
1745,1768,6,220
1745,1687,2,60
1745,1765,17,460
1746,1815,1,20
1746,1852,3,60
1746,1809,8,180
1746,1562,3,80
1746,1753,2,40
1746,1475,2,40
1746,1594,7,180
1746,1866,1,20
1746,1801,10,260
1746,1601,1,20
1746,1763,6,140
1516,1426,4,80
1516,1803,1,20
1516,1471,3,100
1516,1751,13,660
1516,1741,1,20
1516,1477,3,60
1516,1528,1,20
1516,1578,3,80
1516,1479,11,340
1516,1511,2,60
1516,1459,9,240
1511,1471,2,40
1511,1426,9,220
1511,1443,4,120
1511,1563,1,20
1511,1441,1,20
1511,1824,1,20
1511,1578,8,200
1511,1477,7,160
1511,1475,1,20
1511,1479,8,160
1511,1459,2,60
1741,1606,6,160
1741,1818,1,20
1741,1819,1,20
1741,1562,1,20
1741,1919,4,80
1741,1859,2,40
1741,1761,1,20
1741,1801,5,160
1741,1809,17,580
1741,1763,24,600
1741,1764,1,20
1743,1519,6,160
1743,1752,3,60
1743,1895,1,20
1743,1897,2,40
1743,1890,7,140
1743,1688,1,20
1743,1648,5,100
1743,1757,2,60
1743,1858,4,100
1743,1766,2,40
1743,1889,21,740
1743,1763,1,20
1743,1887,46,2000
1743,1885,1,40
1743,1883,14,460
1743,1898,10,600
1743,1680,1,20
1743,1604,2,100
1743,1764,3,80
1743,1765,2,40
1426,1866,1,20
1426,1761,1,20
1426,1471,23,1100
1426,1824,14,360
1426,1443,23,700
1426,1563,9,200
1426,1528,5,120
1426,1441,2,40
1426,1477,5,180
1426,1885,1,20
1426,1578,15,520
1426,1475,4,80
1426,1459,8,260
1847,1807,4,80
1847,1866,43,1320
1847,1819,4,80
1847,1895,4,80
1847,1890,2,40
1847,1892,5,260
1847,1815,2,40
1847,1818,3,60
1847,1562,1,20
1847,1880,9,300
1847,1528,16,640
1847,1859,1,20
1847,1802,31,1120
1847,1888,6,160
1847,1803,22,740
1847,1601,2,40
1847,1578,1,40
1847,1519,1,20
1847,1763,1,20
1847,1760,1,20
1847,1567,8,240
1459,1818,1,20
1459,1471,15,340
1459,1443,2,60
1459,1563,2,40
1459,1441,2,40
1459,1892,1,20
1459,1477,37,1040
1459,1889,1,20
1459,1885,1,20
1459,1567,1,40
1459,1578,21,540
1459,1479,5,120
1648,1890,1,40
1648,1606,6,140
1648,1616,7,160
1648,1696,6,140
1648,1757,3,160
1648,1889,39,2780
1648,1866,1,20
1648,1761,2,40
1648,1603,8,180
1648,1649,1,20
1648,1604,8,160
1648,1809,1,20
1648,1766,1,20
1648,1852,1,20
1648,1764,1,20
1648,1765,2,40
1898,1890,60,2700
1898,1858,2,40
1898,1889,4,100
1898,1887,5,160
1898,1883,3,60
1898,1685,1,20
1898,1688,1,20
1895,1819,13,560
1895,1852,1,20
1895,1818,14,580
1895,1685,1,20
1895,1563,2,60
1895,1477,2,40
1895,1807,18,540
1895,1815,1,40
1895,1866,1,20
1895,1885,6,200
1895,1880,18,420
1895,1802,6,140
1895,1801,1,20
1895,1601,2,60
1895,1578,1,20
1897,1890,5,240
1897,1519,3,80
1897,1889,1,20
1897,1887,7,220
1897,1883,18,460
1897,1765,1,20
1890,1858,5,180
1890,1852,19,1620
1890,1866,1,20
1890,1519,1,20
1890,1815,1,20
1890,1696,3,60
1890,1757,15,640
1890,1752,2,60
1890,1567,2,40
1890,1889,13,380
1890,1887,8,180
1890,1883,5,100
1890,1604,2,60
1890,1681,1,40
1890,1688,2,40
1890,1761,1,20
1890,1766,1,60
1890,1765,25,1120
1519,1815,3,100
1519,1443,1,20
1519,1528,8,180
1519,1688,1,20
1519,1866,2,40
1519,1885,13,340
1519,1802,1,20
1892,1888,29,640
1892,1885,4,100
1892,1852,1,40
1892,1818,4,100
1892,1819,9,200
1892,1866,4,80
1892,1880,5,140
1892,1807,1,20
1892,1803,1,20
1892,1802,8,200
1892,1601,40,2280
1892,1578,1,20
1892,1477,1,40
1815,1618,22,800
1815,1563,7,260
1815,1528,18,640
1815,1567,10,260
1815,1763,2,60
1815,1765,1,40
1618,1528,3,100
1616,1852,2,40
1616,1649,1,20
1616,1604,1,20
1616,1606,78,4980
1617,1852,8,220
1617,1919,8,180
1617,1603,11,340
1617,1649,1,20
1617,1763,1,20
1617,1604,4,80
1818,1888,3,60
1818,1819,6,120
1818,1919,1,20
1818,1866,5,100
1818,1885,5,240
1818,1880,8,200
1818,1807,3,80
1818,1761,1,20
1818,1803,1,20
1818,1802,6,140
1818,1601,2,40
1818,1479,1,20
1818,1766,1,20
1819,1752,1,20
1819,1757,2,40
1819,1888,5,100
1819,1885,3,80
1819,1880,6,140
1819,1807,4,100
1819,1866,4,100
1819,1803,1,40
1819,1802,2,40
1819,1594,2,40
1819,1601,3,60
1819,1475,1,40
1696,1761,29,1160
1696,1887,2,40
1696,1688,8,160
1696,1889,4,100
1696,1681,2,40
1696,1680,10,220
1696,1687,3,60
1696,1765,2,40
1649,1604,1,20
1649,1852,4,200
1649,1685,1,20
1649,1752,2,40
1649,1807,1,20
1649,1603,1,20
1649,1606,10,400
1649,1764,1,20
1471,1443,7,160
1471,1563,5,100
1471,1477,26,780
1471,1441,3,80
1471,1824,5,120
1471,1809,1,20
1471,1578,62,1880
1471,1475,3,60
1471,1479,2,40
1443,1475,42,1620
1443,1761,1,20
1443,1688,1,20
1443,1563,5,140
1443,1528,1,20
1443,1766,1,20
1443,1441,4,80
1443,1477,1,20
1443,1889,1,20
1443,1885,5,120
1443,1824,11,480
1443,1578,8,200
1443,1567,1,20
1441,1578,6,220
1441,1563,2,40
1441,1824,2,40
1441,1477,1,40
1441,1475,3,80
1824,1578,12,300
1824,1563,7,300
1824,1475,14,480
1757,1761,27,740
1757,1766,6,160
1757,1885,1,20
1757,1753,1,20
1757,1752,11,300
1757,1594,1,20
1757,1688,15,460
1757,1889,5,120
1757,1880,1,40
1757,1802,2,40
1757,1809,1,20
1757,1768,39,1320
1757,1763,1,20
1757,1685,1,20
1757,1760,23,780
1757,1604,1,20
1757,1764,1,20
1757,1765,12,400
1562,1685,22,1000
1562,1752,1,20
1562,1567,27,1260
1562,1594,1,20
1562,1859,3,60
1562,1885,1,20
1562,1801,4,100
1562,1681,1,20
1562,1763,1,20
1562,1761,1,20
1563,1475,2,40
1563,1604,1,20
1563,1477,1,20
1563,1764,1,20
1563,1889,1,20
1563,1802,1,20
1563,1601,1,20
1563,1578,7,180
1563,1567,8,240
1563,1765,1,20
1753,1752,3,80
1753,1760,6,120
1753,1768,2,40
1753,1761,9,180
1753,1764,1,20
1752,1761,12,380
1752,1885,1,20
1752,1766,45,1720
1752,1528,1,20
1752,1688,2,40
1752,1760,3,80
1752,1601,1,20
1752,1768,4,100
1752,1685,1,20
1752,1477,1,20
1752,1764,17,500
1752,1765,1,20
1751,1477,1,20
1751,1801,2,40
1751,1479,6,180
1567,1564,15,340
1567,1685,12,260
1567,1859,2,80
1567,1477,1,40
1567,1594,11,320
1567,1688,1,20
1567,1889,1,20
1567,1866,7,180
1567,1801,1,20
1567,1578,3,60
1567,1763,5,180
1567,1761,1,20
1567,1765,1,20
1858,1889,12,280
1858,1887,2,40
1528,1866,23,680
1528,1802,11,280
1528,1887,1,20
1528,1763,1,20
1528,1765,1,20
1859,1809,1,20
1859,1685,4,140
1859,1801,26,900
1859,1768,2,40
1859,1761,1,20
1475,1477,1,20
1475,1880,1,20
1475,1578,12,320
1688,1761,9,380
1688,1889,1,40
1688,1681,10,220
1688,1680,49,1360
1688,1578,1,20
1688,1687,2,40
1688,1765,14,400
1889,1604,1,20
1889,1887,9,200
1889,1866,1,20
1889,1883,2,40
1889,1761,1,40
1889,1760,1,20
1889,1766,4,80
1889,1765,2,80
1888,1564,1,20
1888,1866,7,240
1888,1880,2,60
1888,1807,1,20
1888,1803,1,20
1888,1802,9,360
1888,1601,7,160
1887,1852,2,40
1887,1883,4,100
1885,1807,1,20
1885,1802,1,20
1885,1866,2,60
1885,1880,2,40
1885,1601,1,20
1885,1578,2,60
1885,1763,1,20
1885,1761,1,20
1883,1852,2,80
1883,1604,1,20
1880,1866,7,160
1880,1919,1,20
1880,1807,44,1520
1880,1803,2,40
1880,1802,4,100
1880,1809,1,20
1880,1606,1,20
1880,1601,3,60
1807,1866,1,20
1807,1803,2,60
1807,1601,1,20
1807,1809,1,20
1919,1802,1,20
1919,1852,7,180
1919,1603,4,80
1919,1604,2,40
1919,1809,4,100
1919,1606,3,80
1919,1763,2,40
1866,1802,14,440
1866,1803,5,120
1866,1809,1,20
1866,1765,1,20
1761,1594,1,60
1761,1763,1,20
1761,1802,4,80
1761,1601,1,20
1761,1809,2,40
1761,1768,5,100
1761,1578,1,20
1761,1760,6,120
1761,1766,12,300
1761,1764,2,40
1803,1802,77,3500
1803,1601,1,20
1802,1601,7,180
1802,1852,1,20
1801,1564,1,40
1801,1809,1,20
1801,1685,2,40
1801,1594,1,20
1801,1477,1,20
1801,1763,2,40
1594,1685,3,60
1594,1564,1,20
1594,1477,1,20
1601,1606,1,20
1601,1477,1,20
1603,1766,1,20
1603,1852,1,20
1603,1606,2,40
1603,1604,11,300
1604,1606,1,20
1604,1852,19,420
1604,1764,10,280
1809,1606,8,420
1809,1685,1,20
1809,1763,19,620
1606,1852,3,60
1606,1763,1,60
1681,1479,1,40
1681,1680,7,140
1681,1687,14,440
1681,1763,1,20
1681,1765,68,2200
1680,1765,10,280
1680,1685,1,20
1680,1687,4,80
1768,1760,42,1840
1768,1685,3,60
1768,1766,1,20
1768,1764,6,120
1768,1765,1,20
1578,1766,1,20
1578,1477,24,740
1578,1764,1,20
1578,1479,1,20
1685,1564,1,20
1477,1763,1,20
1477,1479,9,200
1477,1765,1,20
1687,1765,2,60
1763,1852,2,80
1763,1765,1,20
1760,1766,16,480
1760,1764,7,140
1766,1764,1,20
1764,1765,6,140
